"Team","Game.ID","CF","GF","xGF","CA","GA","xGA","TOI"
"MTL","20001",39,2,1.64,41,0,2.98,53
"TOR","20001",41,0,2.98,39,2,1.64,53
"CHI","20002",40,2,1.8,34,2,2.18,56
"NYR","20002",34,2,2.18,40,2,1.8,56
"CGY","20003",37,1,2.32,41,5,2.32,51
"VAN","20003",41,5,2.32,37,1,2.32,51
"L.A","20004",21,1,0.88,28,3,1.35,39
"S.J","20004",28,3,1.35,21,1,0.88,39
"BOS","20005",41,2,1.95,39,5,2.39,55
"WPG","20005",39,5,2.39,41,2,1.95,55
"BUF","20006",30,0,1.49,29,2,1.57,53
"OTT","20006",29,2,1.57,30,0,1.49,53
"PHI","20007",24,1,1.2,36,2,2.13,51
"T.B","20007",36,2,2.13,24,1,1.2,51
"EDM","20008",24,0,1.21,32,2,1.38,48
"STL","20008",32,2,1.38,24,0,1.21,48
"CAR","20009",34,0,1.28,20,1,0.82,47
"NSH","20009",20,1,0.82,34,0,1.28,47
"DAL","20010",36,1,2.47,33,0,1.46,48
"PIT","20010",33,0,1.46,36,1,2.47,48
"COL","20011",32,2,1.66,45,4,2.44,55
"MIN","20011",45,4,2.44,32,2,1.66,55
"N.J","20012",21,0,0.9,28,2,1.37,47
"WPG","20012",28,2,1.37,21,0,0.9,47
"CBJ","20013",29,1,1.45,22,4,1,44
"NYR","20013",22,4,1,29,1,1.45,44
"DET","20014",27,3,1.61,26,0,1.79,48
"TOR","20014",26,0,1.79,27,3,1.61,48
"CHI","20015",39,1,2.51,46,2,2.65,52
"NYI","20015",46,2,2.65,39,1,2.51,52
"ARI","20016",24,4,1.28,49,0,2.5,44
"L.A","20016",49,0,2.5,24,4,1.28,44
"BUF","20017",34,1,1.34,35,4,1.82,49
"T.B","20017",35,4,1.82,34,1,1.34,49
"BOS","20018",19,1,0.7,39,2,2.07,41
"MTL","20018",39,2,2.07,19,1,0.7,41
"OTT","20019",33,1,1.51,47,3,2.3,50
"TOR","20019",47,3,2.3,33,1,1.51,50
"FLA","20020",26,4,1.58,33,0,1.73,45
"PHI","20020",33,0,1.73,26,4,1.58,45
"CBJ","20021",44,1,3.34,29,4,3.11,48
"NYR","20021",29,4,3.11,44,1,3.34,48
"N.J","20022",23,1,1.1,20,2,0.78,44
"WSH","20022",20,2,0.78,23,1,1.1,44
"CAR","20023",52,2,2.45,25,4,1.53,50
"DET","20023",25,4,1.53,52,2,2.45,50
"EDM","20024",34,0,1.63,25,2,1.28,43
"NSH","20024",25,2,1.28,34,0,1.63,43
"MIN","20025",25,2,1.68,33,1,1.39,49
"STL","20025",33,1,1.39,25,2,1.68,49
"CHI","20026",28,3,1.48,36,0,2.05,45
"NYI","20026",36,0,2.05,28,3,1.48,45
"COL","20027",29,4,1.44,33,2,1.5,46
"DAL","20027",33,2,1.5,29,4,1.44,46
"CGY","20028",40,2,2.17,33,1,1.94,54
"VAN","20028",33,1,1.94,40,2,2.17,54
"ARI","20029",35,2,2.44,34,1,1.66,41
"PIT","20029",34,1,1.66,35,2,2.44,41
"ANA","20030",37,0,2.37,50,2,3.03,54
"S.J","20030",50,2,3.03,37,0,2.37,54
"MTL","20031",39,3,1.93,21,0,0.91,44
"OTT","20031",21,0,0.91,39,3,1.93,44
"BOS","20032",30,0,1.41,29,4,1.21,49
"T.B","20032",29,4,1.21,30,0,1.41,49
"NYI","20033",33,1,2.29,22,1,1.44,43
"WPG","20033",22,1,1.44,33,1,2.29,43
"BUF","20034",26,1,1.18,18,0,0.74,40
"CBJ","20034",18,0,0.74,26,1,1.18,40
"FLA","20035",37,0,1.79,28,1,2.41,41
"PHI","20035",28,1,2.41,37,0,1.79,41
"ANA","20036",38,1,1.78,31,1,1.73,57
"VAN","20036",31,1,1.73,38,1,1.78,57
"N.J","20037",14,0,0.53,13,0,1.01,53
"NSH","20037",13,0,1.01,14,0,0.53,53
"NYR","20038",19,0,0.89,13,0,0.78,45
"WPG","20038",13,0,0.78,19,0,0.89,45
"MTL","20039",25,1,1.21,33,2,1.91,55
"PIT","20039",33,2,1.91,25,1,1.21,55
"S.J","20040",12,2,1.59,21,0,0.46,39
"WSH","20040",21,0,0.46,12,2,1.59,39
"CAR","20041",19,1,0.56,23,2,1.83,43
"FLA","20041",23,2,1.83,19,1,0.56,43
"DET","20042",31,1,1.38,22,1,0.78,47
"T.B","20042",22,1,0.78,31,1,1.38,47
"DAL","20043",45,3,3.14,28,2,1.31,49
"EDM","20043",28,2,1.31,45,3,3.14,49
"CGY","20044",21,1,0.77,35,3,2.28,51
"STL","20044",35,3,2.28,21,1,0.77,51
"L.A","20045",31,0,1.64,22,2,1.35,45
"VAN","20045",22,2,1.35,31,0,1.64,45
"CBJ","20046",31,2,2.64,27,5,1.95,48
"OTT","20046",27,5,1.95,31,2,2.64,48
"CHI","20047",29,0,1.95,30,2,3.36,42
"PHI","20047",30,2,3.36,29,0,1.95,42
"BOS","20048",33,5,2.36,24,1,0.86,46
"COL","20048",24,1,0.86,33,5,2.36,46
"ANA","20049",34,0,1.31,24,3,1.32,42
"ARI","20049",24,3,1.32,34,0,1.31,42
"NSH","20050",50,3,3.23,30,4,2.05,50
"NYI","20050",30,4,2.05,50,3,3.23,50
"OTT","20051",30,0,1.49,36,2,2.08,49
"PIT","20051",36,2,2.08,30,0,1.49,49
"CHI","20052",33,1,1.97,34,3,1.69,55
"WSH","20052",34,3,1.69,33,1,1.97,55
"MTL","20053",31,2,1.71,26,0,0.98,46
"NYR","20053",26,0,0.98,31,2,1.71,46
"DAL","20054",21,3,0.84,52,3,2.45,47
"T.B","20054",52,3,2.45,21,3,0.84,47
"BUF","20055",25,1,1.7,23,1,1.2,43
"FLA","20055",23,1,1.2,25,1,1.7,43
"EDM","20056",26,2,1.34,35,3,1.61,44
"STL","20056",35,3,1.61,26,2,1.34,44
"ARI","20057",20,3,0.98,20,2,0.78,39
"MIN","20057",20,2,0.78,20,3,0.98,39
"N.J","20058",32,0,1.43,31,1,1.97,54
"S.J","20058",31,1,1.97,32,0,1.43,54
"CBJ","20059",30,2,1.17,39,5,2.03,48
"TOR","20059",39,5,2.03,30,2,1.17,48
"CAR","20060",41,4,3.17,24,3,1.39,48
"DET","20060",24,3,1.39,41,4,3.17,48
"CGY","20061",25,1,1.14,31,2,1.35,46
"WPG","20061",31,2,1.35,25,1,1.14,46
"STL","20062",35,4,2.15,29,1,1.8,39
"VAN","20062",29,1,1.8,35,4,2.15,39
"ANA","20063",40,0,1.84,28,2,1.33,47
"COL","20063",28,2,1.33,40,0,1.84,47
"L.A","20064",41,1,2.24,29,0,1.28,44
"MIN","20064",29,0,1.28,41,1,2.24,44
"DET","20065",22,1,1.17,35,1,2.13,45
"MTL","20065",35,1,2.13,22,1,1.17,45
"NSH","20066",26,1,0.99,44,3,2.58,51
"OTT","20066",44,3,2.58,26,1,0.99,51
"BUF","20067",28,1,1.39,32,1,1.44,45
"T.B","20067",32,1,1.44,28,1,1.39,45
"DAL","20068",41,2,2.61,34,2,2.01,54
"FLA","20068",34,2,2.01,41,2,2.61,54
"PIT","20069",33,2,2.19,23,1,1.25,45
"TOR","20069",23,1,1.25,33,2,2.19,45
"CAR","20070",14,1,0.47,38,2,1.84,49
"WSH","20070",38,2,1.84,14,1,0.47,49
"NYI","20071",37,4,2.72,35,3,1.73,52
"S.J","20071",35,3,1.73,37,4,2.72,52
"CBJ","20072",22,1,0.73,29,1,1.3,49
"CHI","20072",29,1,1.3,22,1,0.73,49
"CGY","20073",23,1,0.8,30,4,1.61,45
"EDM","20073",30,4,1.61,23,1,0.8,45
"ARI","20074",26,2,1.53,33,1,1.46,42
"BOS","20074",33,1,1.46,26,2,1.53,42
"N.J","20075",34,2,1.61,34,1,2.4,53
"NYR","20075",34,1,2.4,34,2,1.61,53
"STL","20076",31,2,2.45,22,0,1.6,38
"WPG","20076",22,0,1.6,31,2,2.45,38
"ANA","20077",33,3,1.96,46,1,3.3,52
"MIN","20077",46,1,3.3,33,3,1.96,52
"EDM","20078",28,1,2.05,42,1,2.1,57
"VAN","20078",42,1,2.1,28,1,2.05,57
"COL","20079",17,0,1.14,50,2,3.49,43
"L.A","20079",50,2,3.49,17,0,1.14,43
"NYR","20080",34,3,1.69,26,0,2.49,56
"S.J","20080",26,0,2.49,34,3,1.69,56
"ARI","20081",20,0,0.77,25,2,1.65,42
"N.J","20081",25,2,1.65,20,0,0.77,42
"DAL","20082",40,2,2.54,32,1,1.78,47
"PHI","20082",32,1,1.78,40,2,2.54,47
"FLA","20083",37,2,1.81,33,1,2.69,52
"PIT","20083",33,1,2.69,37,2,1.81,52
"CBJ","20084",35,0,1.67,28,3,1.47,44
"NYI","20084",28,3,1.47,35,0,1.67,44
"MTL","20085",36,3,1.95,44,0,1.73,50
"STL","20085",44,0,1.73,36,3,1.95,50
"NSH","20086",37,4,1.6,39,3,2.36,55
"T.B","20086",39,3,2.36,37,4,1.6,55
"CGY","20087",18,1,0.97,33,6,2.22,51
"WSH","20087",33,6,2.22,18,1,0.97,51
"BUF","20088",28,1,1.08,31,1,1.69,53
"TOR","20088",31,1,1.69,28,1,1.08,53
"BOS","20089",29,2,1.17,43,4,2.12,52
"PHI","20089",43,4,2.12,29,2,1.17,52
"DET","20090",27,1,1.35,26,2,2.42,42
"EDM","20090",26,2,2.42,27,1,1.35,42
"CAR","20091",24,1,1,27,0,1.11,46
"COL","20091",27,0,1.11,24,1,1,46
"ARI","20092",35,1,1.74,26,2,1.63,48
"NYR","20092",26,2,1.63,35,1,1.74,48
"DAL","20093",30,3,1.72,30,1,2.02,49
"PIT","20093",30,1,2.02,30,3,1.72,49
"N.J","20094",33,1,2.05,39,2,3.1,47
"OTT","20094",39,2,3.1,33,1,2.05,47
"ANA","20095",25,0,0.93,27,4,1.47,45
"NSH","20095",27,4,1.47,25,0,0.93,45
"CBJ","20096",35,1,1.43,28,2,1.31,52
"MIN","20096",28,2,1.31,35,1,1.43,52
"CHI","20097",26,1,1.45,14,1,0.5,42
"FLA","20097",14,1,0.5,26,1,1.45,42
"VAN","20098",29,1,1.57,35,3,1.91,47
"WSH","20098",35,3,1.91,29,1,1.57,47
"L.A","20099",36,2,1.58,34,1,2.23,48
"S.J","20099",34,1,2.23,36,2,1.58,48
"BUF","20100",43,1,2.44,30,5,1.55,50
"MTL","20100",30,5,1.55,43,1,2.44,50
"BOS","20101",32,4,1.72,25,2,1.64,50
"NYI","20101",25,2,1.64,32,4,1.72,50
"T.B","20102",34,4,2.32,49,2,3.34,54
"WPG","20102",49,2,3.34,34,4,2.32,54
"CGY","20103",43,2,2.6,29,0,1.23,55
"DET","20103",29,0,1.23,43,2,2.6,55
"EDM","20104",29,3,1.62,29,5,2.32,44
"WSH","20104",29,5,2.32,29,3,1.62,44
"CAR","20105",39,0,1.52,29,2,1.52,48
"L.A","20105",29,2,1.52,39,0,1.52,48
"ANA","20106",20,0,1.3,33,2,1.23,47
"MIN","20106",33,2,1.23,20,0,1.3,47
"BUF","20107",26,1,1.71,36,3,2.34,50
"N.J","20107",36,3,2.34,26,1,1.71,50
"MTL","20108",27,2,2.12,48,3,2.1,42
"TOR","20108",48,3,2.1,27,2,2.12,42
"ARI","20109",26,3,1.54,45,1,2.26,49
"OTT","20109",45,1,2.26,26,3,1.54,49
"NYR","20110",44,1,2.93,52,2,3.27,54
"PHI","20110",52,2,3.27,44,1,2.93,54
"NYI","20111",26,2,1.76,49,2,2.41,49
"STL","20111",49,2,2.41,26,2,1.76,49
"NSH","20112",44,0,1.89,26,2,1.31,44
"PIT","20112",26,2,1.31,44,0,1.89,44
"DAL","20113",40,1,2.46,45,6,2.55,54
"FLA","20113",45,6,2.55,40,1,2.46,54
"CHI","20114",34,1,1.84,23,0,1.39,45
"T.B","20114",23,0,1.39,34,1,1.84,45
"CBJ","20115",43,3,2.19,30,2,1.52,44
"COL","20115",30,2,1.52,43,3,2.19,44
"DET","20116",25,2,1.15,38,0,2.01,46
"VAN","20116",38,0,2.01,25,2,1.15,46
"CAR","20117",30,1,1.71,25,4,1.93,51
"S.J","20117",25,4,1.93,30,1,1.71,51
"MIN","20118",25,3,1.45,36,5,2.11,48
"WPG","20118",36,5,2.11,25,3,1.45,48
"CGY","20119",29,1,1.4,32,4,2.46,51
"NYR","20119",32,4,2.46,29,1,1.4,51
"EDM","20120",27,1,1.3,30,2,1.57,52
"L.A","20120",30,2,1.57,27,1,1.3,52
"CGY","20121",37,0,2.13,41,3,2.77,48
"NYI","20121",41,3,2.77,37,0,2.13,48
"ARI","20122",26,2,1.98,34,2,2.03,49
"TOR","20122",34,2,2.03,26,2,1.98,49
"ANA","20123",36,0,1.66,27,1,1.46,50
"CHI","20123",27,1,1.46,36,0,1.66,50
"ARI","20124",31,0,1.07,31,5,2.31,48
"BOS","20124",31,5,2.31,31,0,1.07,48
"CBJ","20125",17,3,1.17,27,0,1.24,45
"N.J","20125",27,0,1.24,17,3,1.17,45
"BUF","20126",47,3,2.34,32,2,1.37,54
"PHI","20126",32,2,1.37,47,3,2.34,54
"CAR","20127",22,2,1.29,31,1,2.16,49
"DET","20127",31,1,2.16,22,2,1.29,49
"COL","20128",26,1,1.17,28,0,1.71,47
"FLA","20128",28,0,1.71,26,1,1.17,47
"STL","20129",29,1,1.36,36,0,1.3,54
"T.B","20129",36,0,1.3,29,1,1.36,54
"EDM","20130",29,2,0.76,38,2,1.82,53
"MIN","20130",38,2,1.82,29,2,0.76,53
"L.A","20131",39,2,1.46,30,1,1.35,55
"WPG","20131",30,1,1.35,39,2,1.46,55
"ANA","20132",20,2,1.23,37,2,2.93,46
"DAL","20132",37,2,2.93,20,2,1.23,46
"MTL","20133",32,1,1.91,30,3,1.68,54
"VAN","20133",30,3,1.68,32,1,1.91,54
"CGY","20134",43,3,1.78,26,4,1.32,50
"OTT","20134",26,4,1.32,43,3,1.78,50
"PIT","20135",30,2,1.72,37,1,2.04,48
"WSH","20135",37,1,2.04,30,2,1.72,48
"NSH","20136",29,2,1.48,27,1,2.05,49
"S.J","20136",27,1,2.05,29,2,1.48,49
"CAR","20137",30,2,2.03,15,0,0.76,55
"NYI","20137",15,0,0.76,30,2,2.03,55
"N.J","20138",25,1,1.4,27,1,1.28,46
"PHI","20138",27,1,1.28,25,1,1.4,46
"BUF","20139",39,1,1.97,22,1,1.47,55
"PIT","20139",22,1,1.47,39,1,1.97,55
"COL","20140",21,2,1.4,27,0,0.98,38
"T.B","20140",27,0,0.98,21,2,1.4,38
"ANA","20141",26,0,1.03,34,2,1.43,47
"STL","20141",34,2,1.43,26,0,1.03,47
"CHI","20142",34,0,2.24,32,2,2.35,50
"WPG","20142",32,2,2.35,34,0,2.24,50
"DAL","20143",32,4,1.8,41,1,2.82,53
"VAN","20143",41,1,2.82,32,4,1.8,53
"EDM","20144",26,3,1.17,25,2,1.16,49
"MTL","20144",25,2,1.16,26,3,1.17,49
"BUF","20145",30,2,2.11,25,1,1.36,41
"PHI","20145",25,1,1.36,30,2,2.11,41
"NYR","20146",33,2,2.41,35,0,2.27,52
"TOR","20146",35,0,2.27,33,2,2.41,52
"CBJ","20147",30,1,1.36,34,2,1.96,47
"WSH","20147",34,2,1.96,30,1,1.36,47
"CAR","20148",33,2,1.76,29,1,1.81,44
"COL","20148",29,1,1.81,33,2,1.76,44
"DET","20149",27,0,0.82,30,2,1.41,42
"OTT","20149",30,2,1.41,27,0,0.82,42
"BOS","20150",28,1,2.94,25,0,1.25,43
"FLA","20150",25,0,1.25,28,1,2.94,43
"CHI","20151",38,2,1.74,43,4,2.93,55
"MIN","20151",43,4,2.93,38,2,1.74,55
"CGY","20152",39,2,2.13,33,4,1.44,47
"MTL","20152",33,4,1.44,39,2,2.13,47
"ARI","20153",37,2,1.84,23,3,1.48,46
"VAN","20153",23,3,1.48,37,2,1.84,46
"N.J","20154",17,2,1.49,31,0,1.3,53
"NYI","20154",31,0,1.3,17,2,1.49,53
"DAL","20155",33,3,2.27,25,0,1.37,45
"S.J","20155",25,0,1.37,33,3,2.27,45
"L.A","20156",29,3,1.72,40,1,2.37,56
"NSH","20156",40,1,2.37,29,3,1.72,56
"PIT","20157",28,2,1.21,26,0,0.63,44
"TOR","20157",26,0,0.63,28,2,1.21,44
"DET","20158",33,3,1.5,38,3,1.68,47
"OTT","20158",38,3,1.68,33,3,1.5,47
"BOS","20159",34,1,1.79,26,0,0.82,46
"T.B","20159",26,0,0.82,34,1,1.79,46
"FLA","20160",25,1,2.01,32,2,1.51,53
"WSH","20160",32,2,1.51,25,1,2.01,53
"CBJ","20161",21,1,1.19,29,2,1.05,42
"WPG","20161",29,2,1.05,21,1,1.19,42
"MIN","20162",34,2,1.82,34,3,1.76,55
"STL","20162",34,3,1.76,34,2,1.82,55
"CGY","20163",33,4,1.78,21,2,0.73,45
"EDM","20163",21,2,0.73,33,4,1.78,45
"COL","20164",23,1,1.03,32,2,1.63,51
"S.J","20164",32,2,1.63,23,1,1.03,51
"CAR","20165",38,1,2.1,36,3,1.73,47
"T.B","20165",36,3,1.73,38,1,2.1,47
"MTL","20166",25,3,2.2,25,1,1.87,46
"WPG","20166",25,1,1.87,25,3,2.2,46
"BUF","20167",28,2,1.34,44,1,1.87,59
"NYI","20167",44,1,1.87,28,2,1.34,59
"ANA","20168",30,4,2.13,47,1,2.01,45
"NSH","20168",47,1,2.01,30,4,2.13,45
"DAL","20169",50,1,2.41,33,2,2.76,46
"TOR","20169",33,2,2.76,50,1,2.41,46
"CHI","20170",35,3,2.31,37,2,1.64,54
"L.A","20170",37,2,1.64,35,3,2.31,54
"PHI","20171",30,1,1.41,36,3,2.76,52
"VAN","20171",36,3,2.76,30,1,1.41,52
"BOS","20172",41,2,1.42,26,2,1.07,48
"DAL","20172",26,2,1.07,41,2,1.42,48
"N.J","20173",23,0,2.23,38,2,2.93,53
"NYI","20173",38,2,2.93,23,0,2.23,53
"NYR","20174",27,4,3.07,40,2,3.12,54
"WSH","20174",40,2,3.12,27,4,3.07,54
"MTL","20175",38,0,1.94,28,1,1.88,53
"OTT","20175",28,1,1.88,38,0,1.94,53
"DET","20176",27,2,1.93,26,0,1.34,47
"T.B","20176",26,0,1.34,27,2,1.93,47
"L.A","20177",27,1,1.52,27,0,1.66,45
"STL","20177",27,0,1.66,27,1,1.52,45
"CGY","20178",34,3,1.29,43,3,2.21,50
"COL","20178",43,3,2.21,34,3,1.29,50
"EDM","20179",42,2,2.54,29,2,1.33,47
"PHI","20179",29,2,1.33,42,2,2.54,47
"CBJ","20180",21,3,1.31,41,2,2,45
"S.J","20180",41,2,2,21,3,1.31,45
"TOR","20181",35,1,1.78,45,3,2.06,51
"WPG","20181",45,3,2.06,35,1,1.78,51
"CHI","20182",47,3,1.96,37,5,1.85,56
"STL","20182",37,5,1.85,47,3,1.96,56
"PIT","20183",24,1,1.18,21,1,1.09,44
"VAN","20183",21,1,1.09,24,1,1.18,44
"ANA","20184",41,1,1.77,30,2,2.13,48
"FLA","20184",30,2,2.13,41,1,1.77,48
"BUF","20185",29,1,1.67,26,3,1.34,48
"T.B","20185",26,3,1.34,29,1,1.67,48
"BOS","20186",34,0,1.41,32,2,1.64,48
"WSH","20186",32,2,1.64,34,0,1.41,48
"MTL","20187",29,2,1.51,22,1,1.2,47
"NYI","20187",22,1,1.2,29,2,1.51,47
"OTT","20188",35,2,1.91,54,2,2.54,58
"WPG","20188",54,2,2.54,35,2,1.91,58
"MIN","20189",33,0,1.37,35,3,1.65,49
"NSH","20189",35,3,1.65,33,0,1.37,49
"CGY","20190",28,2,2.3,34,1,0.86,52
"PHI","20190",34,1,0.86,28,2,2.3,52
"ARI","20191",23,3,0.95,30,2,1.85,39
"COL","20191",30,2,1.85,23,3,0.95,39
"CBJ","20192",21,2,1.6,35,0,1.37,45
"L.A","20192",35,0,1.37,21,2,1.6,45
"FLA","20193",34,1,1.44,37,4,3.67,50
"S.J","20193",37,4,3.67,34,1,1.44,50
"DET","20194",24,2,1.68,38,0,2.35,45
"TOR","20194",38,0,2.35,24,2,1.68,45
"CHI","20195",26,1,1.28,30,4,2.24,47
"N.J","20195",30,4,2.24,26,1,1.28,47
"CAR","20196",44,1,3.33,46,3,3.56,56
"DAL","20196",46,3,3.56,44,1,3.33,56
"COL","20197",27,0,0.93,25,1,1.23,45
"NYR","20197",25,1,1.23,27,0,0.93,45
"EDM","20198",30,1,1.21,43,1,2.28,50
"PIT","20198",43,1,2.28,30,1,1.21,50
"ANA","20199",37,2,2.64,33,1,2.02,49
"CBJ","20199",33,1,2.02,37,2,2.64,49
"BUF","20200",23,2,1.16,48,2,1.58,51
"VAN","20200",48,2,1.58,23,2,1.16,51
"FLA","20201",23,1,0.84,46,3,2.96,55
"L.A","20201",46,3,2.96,23,1,0.84,55
"BOS","20202",31,1,1.16,34,1,2.02,48
"MTL","20202",34,1,2.02,31,1,1.16,48
"TOR","20203",26,1,1.23,32,0,1.32,48
"WSH","20203",32,0,1.32,26,1,1.23,48
"CAR","20204",51,1,3.13,24,1,1.13,52
"OTT","20204",24,1,1.13,51,1,3.13,52
"PHI","20205",17,0,1.55,30,0,1.26,40
"WPG","20205",30,0,1.26,17,0,1.55,40
"NSH","20206",44,0,2.34,27,2,1.17,47
"STL","20206",27,2,1.17,44,0,2.34,47
"MIN","20207",32,1,1.3,32,0,1.15,48
"T.B","20207",32,0,1.15,32,1,1.3,48
"ARI","20208",35,0,1.71,30,3,1.37,44
"NYR","20208",30,3,1.37,35,0,1.71,44
"CGY","20209",30,3,1.88,28,1,1.19,50
"PIT","20209",28,1,1.19,30,3,1.88,50
"ANA","20210",27,1,1.44,30,0,2.15,50
"S.J","20210",30,0,2.15,27,1,1.44,50
"DAL","20211",25,1,1.33,26,0,1.46,44
"DET","20211",26,0,1.46,25,1,1.33,44
"N.J","20212",20,2,1.11,25,3,1.18,39
"VAN","20212",25,3,1.18,20,2,1.11,39
"BOS","20213",27,1,1.76,37,0,2.32,46
"NYI","20213",37,0,2.32,27,1,1.76,46
"CHI","20214",25,3,0.98,37,0,1.93,52
"EDM","20214",37,0,1.93,25,3,0.98,52
"ANA","20215",38,2,1.46,31,3,2.03,45
"ARI","20215",31,3,2.03,38,2,1.46,45
"N.J","20216",22,0,1.02,33,2,2.15,51
"STL","20216",33,2,2.15,22,0,1.02,51
"CAR","20217",35,0,1.97,17,3,0.99,42
"NYR","20217",17,3,0.99,35,0,1.97,42
"COL","20218",42,3,2.1,37,0,1.46,55
"PHI","20218",37,0,1.46,42,3,2.1,55
"CBJ","20219",36,0,3.18,27,3,1.42,50
"VAN","20219",27,3,1.42,36,0,3.18,50
"DET","20220",36,1,1.82,28,0,0.98,50
"WSH","20220",28,0,0.98,36,1,1.82,50
"BUF","20221",25,2,1.1,32,0,1.57,44
"T.B","20221",32,0,1.57,25,2,1.1,44
"CGY","20222",28,2,1.94,35,3,3.27,56
"FLA","20222",35,3,3.27,28,2,1.94,56
"NSH","20223",47,6,2.66,23,2,0.82,49
"OTT","20223",23,2,0.82,47,6,2.66,49
"MIN","20224",26,4,1.51,27,2,1.56,43
"WPG","20224",27,2,1.56,26,4,1.51,43
"DAL","20225",45,2,1.63,43,2,2.18,55
"TOR","20225",43,2,2.18,45,2,1.63,55
"ARI","20226",28,3,1.49,44,1,1.93,50
"L.A","20226",44,1,1.93,28,3,1.49,50
"NYI","20227",21,3,0.56,30,2,1.37,50
"S.J","20227",30,2,1.37,21,3,0.56,50
"MTL","20228",42,2,2.09,37,3,2.51,51
"PIT","20228",37,3,2.51,42,2,2.09,51
"ANA","20229",41,2,2.67,38,3,2.21,54
"EDM","20229",38,3,2.21,41,2,2.67,54
"BOS","20230",31,1,1.14,40,3,1.63,49
"COL","20230",40,3,1.63,31,1,1.14,49
"NYR","20231",25,4,1.79,40,2,2.52,51
"STL","20231",40,2,2.52,25,4,1.79,51
"PHI","20232",31,1,1.23,32,3,2.65,48
"WSH","20232",32,3,2.65,31,1,1.23,48
"CAR","20233",51,1,2.79,36,3,1.54,59
"MIN","20233",36,3,1.54,51,1,2.79,59
"OTT","20234",24,1,0.84,34,1,1.29,47
"VAN","20234",34,1,1.29,24,1,0.84,47
"CGY","20235",39,0,1.56,35,2,1.3,49
"T.B","20235",35,2,1.3,39,0,1.56,49
"BUF","20236",23,2,0.96,30,1,1.12,51
"FLA","20236",30,1,1.12,23,2,0.96,51
"NSH","20237",34,0,1.66,25,1,1.31,50
"TOR","20237",25,1,1.31,34,0,1.66,50
"CHI","20238",29,1,1.37,19,2,1.54,45
"N.J","20238",19,2,1.54,29,1,1.37,45
"DAL","20239",33,2,2.11,31,3,1.29,46
"WPG","20239",31,3,1.29,33,2,2.11,46
"ARI","20240",20,3,1.62,29,1,1.47,46
"EDM","20240",29,1,1.47,20,3,1.62,46
"L.A","20241",36,1,1.95,36,1,1.93,47
"NYI","20241",36,1,1.93,36,1,1.95,47
"CBJ","20242",28,1,2.02,25,0,1.21,41
"PIT","20242",25,0,1.21,28,1,2.02,41
"CGY","20243",42,3,2.36,46,2,2.71,57
"WSH","20243",46,2,2.71,42,3,2.36,57
"DET","20244",33,1,1.85,19,3,1.28,53
"S.J","20244",19,3,1.28,33,1,1.85,53
"ANA","20245",33,0,1.76,31,4,1.95,46
"NYI","20245",31,4,1.95,33,0,1.76,46
"NYR","20246",36,0,2.43,35,0,2.12,57
"OTT","20246",35,0,2.12,36,0,2.43,57
"BOS","20247",35,3,1.62,32,0,1.46,52
"DET","20247",32,0,1.46,35,3,1.62,52
"BUF","20248",34,1,2.35,34,1,1.81,52
"S.J","20248",34,1,1.81,34,1,2.35,52
"TOR","20249",32,3,2.04,41,1,1.78,46
"VAN","20249",41,1,1.78,32,3,2.04,46
"COL","20250",21,4,1.47,42,1,2.16,49
"MTL","20250",42,1,2.16,21,4,1.47,49
"FLA","20251",23,2,1.16,41,4,2.45,59
"T.B","20251",41,4,2.45,23,2,1.16,59
"N.J","20252",32,3,1.38,23,0,1.07,46
"PIT","20252",23,0,1.07,32,3,1.38,46
"CAR","20253",27,1,1.78,37,3,1.38,56
"PHI","20253",37,3,1.38,27,1,1.78,56
"ARI","20254",34,2,1.36,19,3,1.17,48
"CBJ","20254",19,3,1.17,34,2,1.36,48
"NSH","20255",29,5,2.36,23,0,1.42,43
"WPG","20255",23,0,1.42,29,5,2.36,43
"CHI","20256",28,2,1.81,34,1,2.26,42
"STL","20256",34,1,2.26,28,2,1.81,42
"DAL","20257",41,2,3.27,36,2,1.77,47
"MIN","20257",36,2,1.77,41,2,3.27,47
"EDM","20258",28,3,1.73,35,4,2.05,43
"L.A","20258",35,4,2.05,28,3,1.73,43
"NYR","20259",42,4,2.16,29,3,2.01,49
"TOR","20259",29,3,2.01,42,4,2.16,49
"CGY","20260",29,1,1.34,49,3,2.81,52
"CHI","20260",49,3,2.81,29,1,1.34,52
"ARI","20261",31,1,2.31,28,3,2,48
"NYI","20261",28,3,2,31,1,2.31,48
"ANA","20262",27,3,1.77,26,1,1.43,53
"CAR","20262",26,1,1.43,27,3,1.77,53
"MTL","20263",29,3,1.38,25,1,1.23,45
"VAN","20263",25,1,1.23,29,3,1.38,45
"DET","20264",41,3,2.71,34,2,1.48,54
"OTT","20264",34,2,1.48,41,3,2.71,54
"FLA","20265",24,1,1.09,47,0,1.8,50
"T.B","20265",47,0,1.8,24,1,1.09,50
"STL","20266",32,2,1.51,21,2,1.03,39
"WPG","20266",21,2,1.03,32,2,1.51,39
"BOS","20267",29,2,0.89,30,3,1.81,48
"S.J","20267",30,3,1.81,29,2,0.89,48
"BUF","20268",30,0,0.71,39,2,1.7,52
"DAL","20268",39,2,1.7,30,0,0.71,52
"L.A","20269",46,0,2.41,36,1,2.31,52
"PHI","20269",36,1,2.31,46,0,2.41,52
"MIN","20270",24,1,1.36,22,2,1.19,42
"PIT","20270",22,2,1.19,24,1,1.36,42
"CBJ","20271",36,2,2.99,24,1,1.06,47
"STL","20271",24,1,1.06,36,2,2.99,47
"COL","20272",39,1,1.58,37,0,1.68,47
"TOR","20272",37,0,1.68,39,1,1.58,47
"ANA","20273",36,2,2.06,12,2,0.84,36
"NSH","20273",12,2,0.84,36,2,2.06,36
"CGY","20274",32,3,2.56,25,1,1.48,47
"N.J","20274",25,1,1.48,32,3,2.56,47
"VAN","20275",32,0,1.77,31,2,2.7,44
"WPG","20275",31,2,2.7,32,0,1.77,44
"DET","20276",29,1,1.59,26,1,1.19,43
"WSH","20276",26,1,1.19,29,1,1.59,43
"CHI","20277",32,3,1.68,39,2,1.83,52
"EDM","20277",39,2,1.83,32,3,1.68,52
"BOS","20278",38,3,1.46,29,2,1.2,49
"MIN","20278",29,2,1.2,38,3,1.46,49
"PHI","20279",38,0,1.9,31,1,1.08,52
"S.J","20279",31,1,1.08,38,0,1.9,52
"COL","20280",24,1,1.27,31,3,1.77,43
"PIT","20280",31,3,1.77,24,1,1.27,43
"DAL","20281",42,3,2.56,45,1,2.98,55
"WSH","20281",45,1,2.98,42,3,2.56,55
"ARI","20282",33,2,1.87,38,1,2.05,45
"MTL","20282",38,1,2.05,33,2,1.87,45
"CBJ","20283",28,0,1.54,29,2,1.2,43
"OTT","20283",29,2,1.2,28,0,1.54,43
"NYR","20284",22,1,0.9,31,1,1.28,52
"T.B","20284",31,1,1.28,22,1,0.9,52
"ANA","20285",39,0,2.31,32,1,1.55,47
"FLA","20285",32,1,1.55,39,0,2.31,47
"BUF","20286",30,2,1.83,34,0,1.84,53
"STL","20286",34,0,1.84,30,2,1.83,53
"CAR","20287",48,1,2.04,33,0,1.91,55
"TOR","20287",33,0,1.91,48,1,2.04,55
"CBJ","20288",18,3,1.42,49,0,2.42,47
"NSH","20288",49,0,2.42,18,3,1.42,47
"DET","20289",32,2,2.43,42,1,2.83,49
"L.A","20289",42,1,2.83,32,2,2.43,49
"MTL","20290",36,4,1.75,39,3,2.4,50
"NYI","20290",39,3,2.4,36,4,1.75,50
"CGY","20291",45,2,2.79,22,0,1.06,54
"CHI","20291",22,0,1.06,45,2,2.79,54
"BOS","20293",48,1,2.48,33,0,1.49,54
"TOR","20293",33,0,1.49,48,1,2.48,54
"OTT","20294",35,4,1.74,39,0,1.28,45
"PHI","20294",39,0,1.28,35,4,1.74,45
"ANA","20295",39,0,1.97,30,3,1.51,53
"T.B","20295",30,3,1.51,39,0,1.97,53
"FLA","20296",37,1,2.17,30,4,1.4,49
"NYR","20296",30,4,1.4,37,1,2.17,49
"PIT","20297",28,0,1.81,33,3,1.54,40
"S.J","20297",33,3,1.54,28,0,1.81,40
"COL","20298",33,2,1.42,31,6,1.92,51
"WSH","20298",31,6,1.92,33,2,1.42,51
"ARI","20299",27,0,1.77,20,2,1.25,37
"WPG","20299",20,2,1.25,27,0,1.77,37
"DET","20300",33,3,2.2,41,3,2.45,57
"STL","20300",41,3,2.45,33,3,2.2,57
"BUF","20301",33,0,1.78,35,2,2.46,46
"DAL","20301",35,2,2.46,33,0,1.78,46
"MIN","20302",20,2,0.91,27,0,1.15,47
"NSH","20302",27,0,1.15,20,2,0.91,47
"CHI","20303",35,2,1.95,26,3,1.48,53
"VAN","20303",26,3,1.48,35,2,1.95,53
"CAR","20304",28,2,1.36,49,1,2.26,52
"L.A","20304",49,1,2.26,28,2,1.36,52
"CBJ","20305",30,3,2.36,32,3,1.48,49
"S.J","20305",32,3,1.48,30,3,2.36,49
"MTL","20306",30,0,1.29,22,2,1.44,42
"NYI","20306",22,2,1.44,30,0,1.29,42
"N.J","20307",22,2,1.29,23,0,0.65,36
"VAN","20307",23,0,0.65,22,2,1.29,36
"BUF","20308",27,1,1.76,30,2,1.67,55
"STL","20308",30,2,1.67,27,1,1.76,55
"NSH","20309",25,0,0.92,13,2,0.8,41
"NYR","20309",13,2,0.8,25,0,0.92,41
"CAR","20310",35,2,2.47,35,0,1.73,48
"PHI","20310",35,0,1.73,35,2,2.47,48
"EDM","20311",40,0,2.24,34,1,1.78,48
"WSH","20311",34,1,1.78,40,0,2.24,48
"BOS","20312",28,2,1.69,38,2,2.48,45
"TOR","20312",38,2,2.48,28,2,1.69,45
"FLA","20313",32,0,1.66,29,3,1.92,43
"L.A","20313",29,3,1.92,32,0,1.66,43
"COL","20314",29,2,2.18,31,1,1.37,49
"WPG","20314",31,1,1.37,29,2,2.18,49
"DAL","20315",38,3,1.78,25,4,1.45,48
"OTT","20315",25,4,1.45,38,3,1.78,48
"ANA","20316",45,2,2.03,26,3,2,54
"CGY","20316",26,3,2,45,2,2.03,54
"BUF","20317",36,1,1.19,29,3,2.03,48
"NSH","20317",29,3,2.03,36,1,1.19,48
"CBJ","20318",24,2,1.35,28,1,1.9,43
"N.J","20318",28,1,1.9,24,2,1.35,43
"NYI","20319",33,1,1.98,19,0,1.21,49
"PHI","20319",19,0,1.21,33,1,1.98,49
"MTL","20320",26,4,2.09,30,0,1.31,44
"NYR","20320",30,0,1.31,26,4,2.09,44
"PIT","20321",32,3,1.71,29,2,1.14,53
"STL","20321",29,2,1.14,32,3,1.71,53
"WPG","20322",31,2,1.42,40,4,2.62,52
"WSH","20322",40,4,2.62,31,2,1.42,52
"CAR","20323",40,3,3.4,34,0,1.63,50
"EDM","20323",34,0,1.63,40,3,3.4,50
"MIN","20324",27,0,1.12,34,2,1.51,54
"VAN","20324",34,2,1.51,27,0,1.12,54
"BOS","20325",20,3,0.88,38,2,2.94,53
"DET","20325",38,2,2.94,20,3,0.88,53
"L.A","20326",47,1,2.81,39,1,1.66,58
"T.B","20326",39,1,1.66,47,1,2.81,58
"ANA","20327",34,0,1.32,32,2,2.13,50
"ARI","20327",32,2,2.13,34,0,1.32,50
"COL","20328",42,2,1.52,34,4,1.73,47
"OTT","20328",34,4,1.73,42,2,1.52,47
"CHI","20329",38,4,2.94,20,1,0.95,42
"S.J","20329",20,1,0.95,38,4,2.94,42
"BOS","20330",43,2,2.22,31,2,2.27,48
"NYR","20330",31,2,2.27,43,2,2.22,48
"NSH","20331",38,1,1.91,38,2,1.7,55
"PHI","20331",38,2,1.7,38,1,1.91,55
"MIN","20332",20,1,1.05,37,2,1.55,53
"WPG","20332",37,2,1.55,20,1,1.05,53
"ANA","20333",35,2,1.86,34,1,2.11,47
"CHI","20333",34,1,2.11,35,2,1.86,47
"T.B","20334",35,2,1.37,34,1,1.63,49
"WSH","20334",34,1,1.63,35,2,1.37,49
"BUF","20335",27,4,1.38,35,1,2.3,53
"CAR","20335",35,1,2.3,27,4,1.38,53
"MTL","20336",29,2,1.51,21,1,1.74,53
"N.J","20336",21,1,1.74,29,2,1.51,53
"CBJ","20337",42,2,2.81,27,0,1.3,46
"PIT","20337",27,0,1.3,42,2,2.81,46
"DET","20338",36,4,2.95,37,2,2.14,54
"EDM","20338",37,2,2.14,36,4,2.95,54
"FLA","20339",33,2,1.68,39,2,1.8,59
"NYI","20339",39,2,1.8,33,2,1.68,59
"DAL","20340",23,0,1.65,38,1,1.66,47
"VAN","20340",38,1,1.66,23,0,1.65,47
"ARI","20341",25,2,1.34,26,0,1.74,49
"CGY","20341",26,0,1.74,25,2,1.34,49
"NYR","20342",26,0,0.98,33,2,2.89,49
"PHI","20342",33,2,2.89,26,0,0.98,49
"TOR","20343",38,1,1.85,36,2,1.35,52
"WSH","20343",36,2,1.35,38,1,1.85,52
"MTL","20344",33,1,1.57,39,2,2.16,55
"N.J","20344",39,2,2.16,33,1,1.57,55
"NYI","20345",20,1,0.88,29,2,1.56,46
"T.B","20345",29,2,1.56,20,1,0.88,46
"EDM","20346",35,1,2.19,48,1,3.34,53
"PIT","20346",48,1,3.34,35,1,2.19,53
"CBJ","20347",27,1,1.44,37,1,2.65,53
"STL","20347",37,1,2.65,27,1,1.44,53
"BUF","20348",21,1,0.87,32,0,0.91,45
"NSH","20348",32,0,0.91,21,1,0.87,45
"DAL","20349",46,3,2.15,38,3,2.27,56
"MIN","20349",38,3,2.27,46,3,2.15,56
"COL","20350",27,4,1.59,36,2,1.76,49
"WPG","20350",36,2,1.76,27,4,1.59,49
"ARI","20351",26,4,1.96,43,2,1.72,52
"OTT","20351",43,2,1.72,26,4,1.96,52
"CGY","20352",33,2,1.49,41,3,2.67,50
"S.J","20352",41,3,2.67,33,2,1.49,50
"CHI","20353",30,1,2.11,51,3,2.53,59
"L.A","20353",51,3,2.53,30,1,2.11,59
"DET","20354",31,1,1.87,24,2,1.51,41
"FLA","20354",24,2,1.51,31,1,1.87,41
"COL","20355",22,2,1.53,27,3,2.21,45
"NYI","20355",27,3,2.21,22,2,1.53,45
"CAR","20356",42,3,3.5,23,2,1.37,50
"NYR","20356",23,2,1.37,42,3,3.5,50
"EDM","20357",35,0,1.48,29,1,0.9,47
"TOR","20357",29,1,0.9,35,0,1.48,47
"ANA","20358",36,3,2.17,32,0,1.12,48
"VAN","20358",32,0,1.12,36,3,2.17,48
"COL","20359",25,2,0.95,26,1,2.07,52
"N.J","20359",26,1,2.07,25,2,0.95,52
"CBJ","20360",27,1,1.33,32,1,1.24,47
"MTL","20360",32,1,1.24,27,1,1.33,47
"OTT","20361",25,2,1.28,36,3,2.01,47
"PHI","20361",36,3,2.01,25,2,1.28,47
"BUF","20362",28,2,1.46,49,3,3.84,58
"DET","20362",49,3,3.84,28,2,1.46,58
"FLA","20363",28,3,1.18,39,1,1.24,52
"STL","20363",39,1,1.24,28,3,1.18,52
"ARI","20364",16,1,0.63,49,3,2.3,53
"NSH","20364",49,3,2.3,16,1,0.63,53
"CHI","20365",28,0,1.39,38,2,2.97,44
"MIN","20365",38,2,2.97,28,0,1.39,44
"CGY","20366",46,3,3.79,37,3,1.84,59
"DAL","20366",37,3,1.84,46,3,3.79,59
"L.A","20367",46,1,3.17,19,0,1.14,47
"VAN","20367",19,0,1.14,46,1,3.17,47
"PIT","20368",30,3,2.24,46,0,2.38,50
"S.J","20368",46,0,2.38,30,3,2.24,50
"TOR","20369",40,1,3.02,34,5,2.09,42
"WPG","20369",34,5,2.09,40,1,3.02,42
"NYI","20370",37,0,2.18,38,1,1.41,55
"NYR","20370",38,1,1.41,37,0,2.18,55
"BOS","20371",46,2,2.97,33,1,2.15,50
"EDM","20371",33,1,2.15,46,2,2.97,50
"ANA","20372",32,1,1.99,28,1,1.57,43
"T.B","20372",28,1,1.57,32,1,1.99,43
"COL","20373",25,2,1.63,37,0,1.73,56
"NYR","20373",37,0,1.73,25,2,1.63,56
"CAR","20374",35,1,1.47,20,4,1.27,47
"N.J","20374",20,4,1.27,35,1,1.47,47
"MTL","20375",38,1,2.6,23,3,1.09,46
"WSH","20375",23,3,1.09,38,1,2.6,46
"CHI","20376",44,2,2.03,29,2,2.05,52
"OTT","20376",29,2,2.05,44,2,2.03,52
"ARI","20377",28,1,1.01,44,5,2.78,49
"DET","20377",44,5,2.78,28,1,1.01,49
"FLA","20378",19,1,0.94,46,1,2.05,52
"NSH","20378",46,1,2.05,19,1,0.94,52
"MIN","20379",30,0,1.35,32,0,1.82,48
"TOR","20379",32,0,1.82,30,0,1.35,48
"DAL","20380",43,3,2.53,23,1,1.74,49
"VAN","20380",23,1,1.74,43,3,2.53,49
"ARI","20381",24,2,0.9,30,3,1.72,49
"BUF","20381",30,3,1.72,24,2,0.9,49
"N.J","20382",19,2,0.56,28,2,2.03,52
"PHI","20382",28,2,2.03,19,2,0.56,52
"CBJ","20383",29,1,1.47,32,1,1.65,52
"FLA","20383",32,1,1.65,29,1,1.47,52
"NYI","20384",34,1,2.58,36,1,2.45,57
"STL","20384",36,1,2.45,34,1,2.58,57
"BOS","20385",44,3,2.05,39,4,2.59,52
"CGY","20385",39,4,2.59,44,3,2.05,52
"DAL","20386",45,1,3.07,25,2,1.55,45
"EDM","20386",25,2,1.55,45,1,3.07,45
"ANA","20387",31,1,2.05,25,0,1.31,42
"S.J","20387",25,0,1.31,31,1,2.05,42
"WPG","20388",35,1,2.1,44,0,2.32,49
"WSH","20388",44,0,2.32,35,1,2.1,49
"L.A","20389",40,3,2.24,24,3,1.36,50
"PIT","20389",24,3,1.36,40,3,2.24,50
"NYI","20390",45,1,2.84,36,2,2.19,55
"OTT","20390",36,2,2.19,45,1,2.84,55
"DET","20391",34,3,1.78,27,1,1.14,49
"NSH","20391",27,1,1.14,34,3,1.78,49
"CAR","20392",38,2,2.9,43,2,2.37,44
"MTL","20392",43,2,2.37,38,2,2.9,44
"STL","20393",37,1,2.09,34,4,2.05,50
"TOR","20393",34,4,2.05,37,1,2.09,50
"CBJ","20394",40,3,2.01,31,1,1.25,51
"PHI","20394",31,1,1.25,40,3,2.01,51
"COL","20395",22,0,0.69,45,2,2.57,50
"MIN","20395",45,2,2.57,22,0,0.69,50
"BOS","20396",32,4,1.49,21,0,1.08,52
"VAN","20396",21,0,1.08,32,4,1.49,52
"S.J","20397",20,0,0.84,19,3,1.31,41
"T.B","20397",19,3,1.31,20,0,0.84,41
"ARI","20398",25,3,1.79,21,4,1.55,48
"CAR","20398",21,4,1.55,25,3,1.79,48
"CHI","20399",34,2,2.11,29,1,1.71,48
"WPG","20399",29,1,1.71,34,2,2.11,48
"FLA","20400",34,2,2.21,21,4,1.38,47
"N.J","20400",21,4,1.38,34,2,2.21,47
"NYR","20401",39,1,2.81,31,1,2.21,53
"OTT","20401",31,1,2.21,39,1,2.81,53
"BUF","20402",26,1,1.06,32,3,2.87,49
"EDM","20402",32,3,2.87,26,1,1.06,49
"ANA","20403",33,2,2.15,36,1,1.25,54
"PIT","20403",36,1,1.25,33,2,2.15,54
"L.A","20404",32,3,1.77,25,1,1.79,44
"T.B","20404",25,1,1.79,32,3,1.77,44
"BOS","20405",16,1,0.81,39,1,2.12,46
"NSH","20405",39,1,2.12,16,1,0.81,46
"COL","20406",29,2,1.12,29,1,2.21,59
"MIN","20406",29,1,2.21,29,2,1.12,59
"BUF","20407",40,2,1.67,31,4,1.84,48
"VAN","20407",31,4,1.84,40,2,1.67,48
"NYI","20408",34,2,2.19,58,2,4.39,58
"PHI","20408",58,2,4.39,34,2,2.19,58
"DET","20409",29,2,0.85,36,1,1.53,56
"WSH","20409",36,1,1.53,29,2,0.85,56
"N.J","20411",25,0,0.7,33,1,1.87,46
"TOR","20411",33,1,1.87,25,0,0.7,46
"FLA","20412",24,2,1.4,23,1,1.52,46
"OTT","20412",23,1,1.52,24,2,1.4,46
"ARI","20413",21,1,1.21,31,2,1.63,44
"STL","20413",31,2,1.63,21,1,1.21,44
"CHI","20414",28,2,1.7,31,1,1.8,50
"NSH","20414",31,1,1.8,28,2,1.7,50
"CAR","20415",41,3,2.67,23,4,1.52,54
"DAL","20415",23,4,1.52,41,3,2.67,54
"CGY","20416",26,3,1.74,39,1,2.97,44
"S.J","20416",39,1,2.97,26,3,1.74,44
"BOS","20417",24,2,1.18,41,1,2.01,47
"MTL","20417",41,1,2.01,24,2,1.18,47
"COL","20418",20,2,0.66,41,4,2.48,44
"PIT","20418",41,4,2.48,20,2,0.66,44
"NYR","20420",36,0,1.76,23,1,1.28,44
"VAN","20420",23,1,1.28,36,0,1.76,44
"DET","20421",31,2,1.23,24,2,1.66,44
"MTL","20421",24,2,1.66,31,2,1.23,44
"OTT","20422",33,0,2.11,29,2,1.58,48
"T.B","20422",29,2,1.58,33,0,2.11,48
"FLA","20423",29,2,1.4,22,0,1.17,42
"WSH","20423",22,0,1.17,29,2,1.4,42
"PHI","20424",33,3,1.22,34,1,1.87,53
"STL","20424",34,1,1.87,33,3,1.22,53
"CHI","20425",41,1,2.33,32,3,2.69,52
"NSH","20425",32,3,2.69,41,1,2.33,52
"CBJ","20426",25,2,1.48,41,4,2.95,51
"WPG","20426",41,4,2.95,25,2,1.48,51
"BUF","20427",33,1,1.58,37,4,2.11,50
"CGY","20427",37,4,2.11,33,1,1.58,50
"DET","20428",28,0,2.17,35,2,2.97,51
"N.J","20428",35,2,2.97,28,0,2.17,51
"L.A","20429",49,2,3.2,44,1,2.76,55
"PIT","20429",44,1,2.76,49,2,3.2,55
"CHI","20430",22,0,1.06,24,0,1.61,40
"WPG","20430",24,0,1.61,22,0,1.06,40
"DAL","20431",48,2,3.11,25,0,0.94,44
"PHI","20431",25,0,0.94,48,2,3.11,44
"EDM","20432",36,5,2.25,38,4,1.81,51
"NYR","20432",38,4,1.81,36,5,2.25,51
"ARI","20433",21,1,0.85,26,1,1.66,39
"MIN","20433",26,1,1.66,21,1,0.85,39
"ANA","20434",50,1,3.23,28,3,1.97,54
"CAR","20434",28,3,1.97,50,1,3.23,54
"BOS","20435",31,1,1.28,33,1,1.47,56
"FLA","20435",33,1,1.47,31,1,1.28,56
"BUF","20436",38,1,1.9,29,1,1.85,61
"L.A","20436",29,1,1.85,38,1,1.9,61
"MTL","20437",39,3,2.21,30,1,2.54,47
"OTT","20437",30,1,2.54,39,3,2.21,47
"T.B","20438",43,0,2.81,29,2,1.42,48
"WSH","20438",29,2,1.42,43,0,2.81,48
"CBJ","20439",43,2,3,25,2,1.76,57
"NYI","20439",25,2,1.76,43,2,3,57
"DAL","20440",24,0,1.1,26,2,1.67,46
"STL","20440",26,2,1.67,24,0,1.1,46
"COL","20441",23,2,1.32,32,2,1.25,37
"NSH","20441",32,2,1.25,23,2,1.32,37
"ARI","20442",38,3,1.65,36,3,1.86,51
"CAR","20442",36,3,1.86,38,3,1.65,51
"CGY","20443",31,5,2.35,33,3,1.97,50
"NYR","20443",33,3,1.97,31,5,2.35,50
"MIN","20444",32,1,2.62,31,0,1.77,52
"S.J","20444",31,0,1.77,32,1,2.62,52
"N.J","20445",29,0,1.27,29,4,2.4,46
"NYI","20445",29,4,2.4,29,0,1.27,46
"COL","20446",29,2,1.51,53,0,2.66,55
"STL","20446",53,0,2.66,29,2,1.51,55
"CHI","20447",33,2,2.56,27,0,1.05,46
"VAN","20447",27,0,1.05,33,2,2.56,46
"BOS","20448",52,2,2.46,24,3,1.1,51
"EDM","20448",24,3,1.1,52,2,2.46,51
"PIT","20449",44,1,3.17,28,3,1.61,49
"WSH","20449",28,3,1.61,44,1,3.17,49
"CBJ","20450",32,1,2.92,32,1,1.18,50
"T.B","20450",32,1,1.18,32,1,2.92,50
"L.A","20451",40,2,1.27,21,5,1.43,46
"OTT","20451",21,5,1.43,40,2,1.27,46
"BUF","20452",37,2,2.46,30,1,2.28,46
"DET","20452",30,1,2.28,37,2,2.46,46
"BUF","20453",29,0,1.35,28,2,1.32,48
"N.J","20453",28,2,1.32,29,0,1.35,48
"FLA","20454",21,4,1.92,40,1,2.25,44
"NYI","20454",40,1,2.25,21,4,1.92,44
"EDM","20455",22,1,1.46,18,2,1.14,40
"NYR","20455",18,2,1.14,22,1,1.46,40
"CAR","20456",31,2,1.32,32,4,1.21,49
"PHI","20456",32,4,1.21,31,2,1.32,49
"T.B","20457",39,5,1.6,42,3,1.36,52
"TOR","20457",42,3,1.36,39,5,1.6,52
"MTL","20458",27,1,0.94,27,3,1.57,54
"S.J","20458",27,3,1.57,27,1,0.94,54
"CGY","20459",23,2,0.91,28,0,1.76,49
"NSH","20459",28,0,1.76,23,2,0.91,49
"MIN","20460",40,3,2.84,35,2,1.04,54
"VAN","20460",35,2,1.04,40,3,2.84,54
"STL","20461",31,2,2.26,39,3,2.52,50
"WPG","20461",39,3,2.52,31,2,2.26,50
"CHI","20462",29,0,1.45,28,2,1.39,45
"COL","20462",28,2,1.39,29,0,1.45,45
"CBJ","20463",37,0,2.09,49,5,2.96,52
"DAL","20463",49,5,2.96,37,0,2.09,52
"OTT","20464",26,0,0.86,32,2,1.83,50
"WSH","20464",32,2,1.83,26,0,0.86,50
"BOS","20465",29,2,1.27,45,0,1.38,46
"PIT","20465",45,0,1.38,29,2,1.27,46
"ANA","20466",38,0,1.29,24,3,1.09,45
"BUF","20466",24,3,1.09,38,0,1.29,45
"FLA","20467",26,3,1.58,17,0,0.68,49
"N.J","20467",17,0,0.68,26,3,1.58,49
"PHI","20468",33,2,1.88,37,0,1.31,46
"VAN","20468",37,0,1.31,33,2,1.88,46
"S.J","20469",49,3,2.76,43,4,2.76,56
"TOR","20469",43,4,2.76,49,3,2.76,56
"L.A","20470",25,2,1.68,40,0,2.07,50
"MTL","20470",40,0,2.07,25,2,1.68,50
"NSH","20471",29,0,1.16,31,1,1.66,49
"STL","20471",31,1,1.66,29,0,1.16,49
"MIN","20472",40,3,2.89,25,2,1.71,51
"NYR","20472",25,2,1.71,40,3,2.89,51
"CHI","20473",33,4,2.13,38,0,1.89,56
"EDM","20473",38,0,1.89,33,4,2.13,56
"CGY","20474",27,3,1.35,45,0,2.26,44
"DAL","20474",45,0,2.26,27,3,1.35,44
"COL","20475",39,2,1.94,36,0,2.02,48
"NYI","20475",36,0,2.02,39,2,1.94,48
"ARI","20476",33,4,1.71,26,6,2.09,50
"CBJ","20476",26,6,2.09,33,4,1.71,50
"BOS","20477",30,4,1.72,40,2,1.9,46
"PIT","20477",40,2,1.9,30,4,1.72,46
"T.B","20478",27,3,1.13,23,1,1.07,48
"WSH","20478",23,1,1.07,27,3,1.13,48
"CAR","20479",31,0,1.93,23,1,1.16,48
"FLA","20479",23,1,1.16,31,0,1.93,48
"OTT","20480",30,4,1.34,35,1,1.89,47
"S.J","20480",35,1,1.89,30,4,1.34,47
"DET","20481",23,2,1.59,37,3,2.27,53
"VAN","20481",37,3,2.27,23,2,1.59,53
"NYR","20482",31,1,1.1,43,4,3.28,51
"WPG","20482",43,4,3.28,31,1,1.1,51
"BUF","20483",34,2,1.44,35,1,1.66,56
"CHI","20483",35,1,1.66,34,2,1.44,56
"CGY","20484",36,2,1.76,29,3,1.52,50
"STL","20484",29,3,1.52,36,2,1.76,50
"L.A","20485",44,0,1.96,40,5,2.88,58
"TOR","20485",40,5,2.88,44,0,1.96,58
"ANA","20486",28,2,1.8,25,1,1.36,54
"N.J","20486",25,1,1.36,28,2,1.8,54
"CAR","20487",27,0,1.44,34,0,2.43,50
"PIT","20487",34,0,2.43,27,0,1.44,50
"CBJ","20488",35,1,2.41,36,2,1.79,49
"PHI","20488",36,2,1.79,35,1,2.41,49
"DAL","20489",31,3,2.28,23,0,1.21,44
"MTL","20489",23,0,1.21,31,3,2.28,44
"MIN","20490",23,2,0.97,41,2,1.84,47
"NSH","20490",41,2,1.84,23,2,0.97,47
"ARI","20491",36,1,2.07,34,0,1.41,47
"NYI","20491",34,0,1.41,36,1,2.07,47
"COL","20492",33,3,3.11,44,1,2.84,54
"EDM","20492",44,1,2.84,33,3,3.11,54
"FLA","20493",48,2,2.66,38,4,2,55
"VAN","20493",38,4,2,48,2,2.66,55
"BOS","20494",43,1,2.48,36,1,1.55,58
"N.J","20494",36,1,1.55,43,1,2.48,58
"OTT","20495",22,1,0.97,31,1,2.01,46
"T.B","20495",31,1,2.01,22,1,0.97,46
"CGY","20496",26,0,1.54,39,3,2.66,46
"DET","20496",39,3,2.66,26,0,1.54,46
"NYR","20497",38,2,2.03,27,3,1.91,46
"WSH","20497",27,3,1.91,38,2,2.03,46
"CHI","20498",39,4,2.94,31,2,1.9,55
"S.J","20498",31,2,1.9,39,4,2.94,55
"ANA","20499",32,2,2.34,34,4,2,53
"NYI","20499",34,4,2,32,2,2.34,53
"PHI","20500",32,2,1.55,32,2,1.76,50
"STL","20500",32,2,1.76,32,2,1.55,50
"CBJ","20501",25,2,1.47,41,2,2.36,49
"PIT","20501",41,2,2.36,25,2,1.47,49
"CAR","20502",43,1,2.75,24,2,1.56,50
"WSH","20502",24,2,1.56,43,1,2.75,50
"MTL","20503",44,0,2.64,20,3,0.75,49
"NSH","20503",20,3,0.75,44,0,2.64,49
"DAL","20504",35,3,1.45,41,3,2.84,55
"MIN","20504",41,3,2.84,35,3,1.45,55
"COL","20505",35,3,1.68,21,3,0.93,49
"TOR","20505",21,3,0.93,35,3,1.68,49
"EDM","20506",24,3,1.31,40,1,2.23,41
"WPG","20506",40,1,2.23,24,3,1.31,41
"BOS","20507",37,0,1.39,34,2,1.36,56
"STL","20507",34,2,1.36,37,0,1.39,56
"ANA","20508",21,2,1.05,26,2,1.23,44
"NYR","20508",26,2,1.23,21,2,1.05,44
"DET","20509",27,1,2.15,19,3,1.57,46
"N.J","20509",19,3,1.57,27,1,2.15,46
"T.B","20510",27,0,1.42,21,2,1.45,37
"VAN","20510",21,2,1.45,27,0,1.42,37
"FLA","20511",34,1,1.91,22,0,1.24,51
"OTT","20511",22,0,1.24,34,1,1.91,51
"MIN","20512",36,2,1.82,29,0,1.35,54
"MTL","20512",29,0,1.35,36,2,1.82,54
"CHI","20513",31,0,1.31,32,3,2.04,46
"DAL","20513",32,3,2.04,31,0,1.31,46
"CGY","20514",32,2,1.48,29,1,1.61,49
"WPG","20514",29,1,1.61,32,2,1.48,49
"ARI","20515",31,3,1.82,43,1,1.96,47
"TOR","20515",43,1,1.96,31,3,1.82,47
"L.A","20516",44,3,2.88,29,2,1.56,48
"S.J","20516",29,2,1.56,44,3,2.88,48
"BOS","20517",32,3,1.84,27,4,1.24,48
"BUF","20517",27,4,1.24,32,3,1.84,48
"CBJ","20518",35,2,1.79,25,2,1.1,41
"T.B","20518",25,2,1.1,35,2,1.79,41
"MTL","20519",35,1,1.42,36,3,2.37,49
"WSH","20519",36,3,2.37,35,1,1.42,49
"CAR","20520",37,3,2.69,27,1,1.65,54
"N.J","20520",27,1,1.65,37,3,2.69,54
"DAL","20521",26,2,1.43,38,1,1.95,56
"STL","20521",38,1,1.95,26,2,1.43,56
"DET","20522",26,2,1.95,32,2,1.62,50
"NSH","20522",32,2,1.62,26,2,1.95,50
"MIN","20523",20,1,0.96,38,2,2.18,44
"PIT","20523",38,2,2.18,20,1,0.96,44
"ARI","20524",25,0,0.84,32,2,1.44,39
"L.A","20524",32,2,1.44,25,0,0.84,39
"EDM","20525",39,1,1.94,35,2,1.9,52
"VAN","20525",35,2,1.9,39,1,1.94,52
"BOS","20526",46,1,1.62,25,1,1.05,52
"OTT","20526",25,1,1.05,46,1,1.62,52
"CBJ","20527",18,1,1.12,24,3,1.4,41
"FLA","20527",24,3,1.4,18,1,1.12,41
"NYI","20528",33,1,2,47,1,3.81,51
"TOR","20528",47,1,3.81,33,1,2,51
"DAL","20529",46,0,3.38,30,0,1.67,51
"STL","20529",30,0,1.67,46,0,3.38,51
"CAR","20530",33,2,1.68,40,0,2.65,55
"CHI","20530",40,0,2.65,33,2,1.68,55
"PIT","20531",37,0,1.7,36,0,1.65,51
"WPG","20531",36,0,1.65,37,0,1.7,51
"ARI","20532",33,2,1.43,42,0,1.79,54
"COL","20532",42,0,1.79,33,2,1.43,54
"ANA","20533",37,1,1.57,19,1,1.08,45
"PHI","20533",19,1,1.08,37,1,1.57,45
"CGY","20534",41,2,2.45,43,3,2.36,52
"EDM","20534",43,3,2.36,41,2,2.45,52
"BUF","20535",34,0,1.24,41,2,1.64,49
"WSH","20535",41,2,1.64,34,0,1.24,49
"MTL","20536",39,3,1.49,45,2,2.77,58
"T.B","20536",45,2,2.77,39,3,1.49,58
"NSH","20537",42,3,1.9,27,3,1.54,54
"NYR","20537",27,3,1.54,42,3,1.9,54
"DET","20538",26,0,1.14,38,1,3.12,52
"MIN","20538",38,1,3.12,26,0,1.14,52
"L.A","20539",44,4,2.74,24,0,1.02,50
"VAN","20539",24,0,1.02,44,4,2.74,50
"COL","20540",16,1,0.79,49,3,3.05,44
"S.J","20540",49,3,3.05,16,1,0.79,44
"BOS","20541",30,3,1.5,38,3,1.76,44
"OTT","20541",38,3,1.76,30,3,1.5,44
"NYI","20542",28,6,1.48,44,3,2.32,45
"TOR","20542",44,3,2.32,28,6,1.48,45
"CAR","20543",37,2,1.28,28,3,1.55,53
"N.J","20543",28,3,1.55,37,2,1.28,53
"CBJ","20544",41,5,2.14,38,3,3.08,48
"DAL","20544",38,3,3.08,41,5,2.14,48
"FLA","20545",39,2,2.49,27,0,1.07,47
"MTL","20545",27,0,1.07,39,2,2.49,47
"NSH","20546",33,1,1.76,29,4,2.75,51
"STL","20546",29,4,2.75,33,1,1.76,51
"DET","20547",32,0,1.97,28,2,1.29,46
"WPG","20547",28,2,1.29,32,0,1.97,46
"ANA","20548",28,1,1.95,13,0,0.49,52
"CGY","20548",13,0,0.49,28,1,1.95,52
"EDM","20549",48,2,2.86,46,4,2.47,51
"L.A","20549",46,4,2.47,48,2,2.86,51
"ARI","20550",29,3,1.43,30,3,1.74,44
"CHI","20550",30,3,1.74,29,3,1.43,44
"PIT","20551",34,1,2.07,34,2,1.98,51
"TOR","20551",34,2,1.98,34,1,2.07,51
"BUF","20552",28,2,1.53,46,3,2.33,47
"WSH","20552",46,3,2.33,28,2,1.53,47
"N.J","20553",20,1,0.83,35,0,1.46,42
"OTT","20553",35,0,1.46,20,1,0.83,42
"NYR","20554",28,3,1.03,33,0,1.6,49
"T.B","20554",33,0,1.6,28,3,1.03,49
"PHI","20555",25,2,1.06,27,1,2.03,45
"S.J","20555",27,1,2.03,25,2,1.06,45
"BUF","20556",30,0,1.02,39,1,1.68,48
"NYI","20556",39,1,1.68,30,0,1.02,48
"DET","20557",30,2,1.64,33,2,3.47,47
"PIT","20557",33,2,3.47,30,2,1.64,47
"CAR","20558",39,3,3.02,44,2,2.7,53
"WSH","20558",44,2,2.7,39,3,3.02,53
"MIN","20559",30,2,1.94,34,0,1.42,51
"STL","20559",34,0,1.42,30,2,1.94,51
"CHI","20560",39,2,2.07,35,2,1.43,50
"COL","20560",35,2,1.43,39,2,2.07,50
"DAL","20561",41,5,2.36,41,1,2.04,55
"NSH","20561",41,1,2.04,41,5,2.36,55
"CGY","20562",31,1,1.41,28,3,1.99,49
"L.A","20562",28,3,1.99,31,1,1.41,49
"ANA","20563",36,0,2.52,19,0,1.26,50
"EDM","20563",19,0,1.26,36,0,2.52,50
"ARI","20564",16,1,0.84,50,2,2.38,43
"WPG","20564",50,2,2.38,16,1,0.84,43
"BOS","20565",23,1,0.87,35,5,2.33,44
"MTL","20565",35,5,2.33,23,1,0.87,44
"ANA","20566",34,0,1.39,25,1,1.14,54
"VAN","20566",25,1,1.14,34,0,1.39,54
"BUF","20567",30,1,1.93,27,3,1.44,45
"DET","20567",27,3,1.44,30,1,1.93,45
"ARI","20568",40,3,2.52,40,2,2.52,49
"EDM","20568",40,2,2.52,40,3,2.52,49
"L.A","20569",33,1,1.35,23,0,1.02,46
"PHI","20569",23,0,1.02,33,1,1.35,46
"STL","20570",46,0,1.97,33,2,1.68,50
"TOR","20570",33,2,1.68,46,0,1.97,50
"MIN","20571",29,2,1.08,43,2,2.45,54
"T.B","20571",43,2,2.45,29,2,1.08,54
"FLA","20572",22,2,1.28,44,0,2.3,44
"NYR","20572",44,0,2.3,22,2,1.28,44
"DAL","20573",32,2,1.65,32,2,1.67,47
"N.J","20573",32,2,1.67,32,2,1.65,47
"NYI","20574",48,2,2.37,40,2,2.52,52
"PIT","20574",40,2,2.52,48,2,2.37,52
"CAR","20575",31,1,1.5,23,1,1.37,48
"NSH","20575",23,1,1.37,31,1,1.5,48
"CBJ","20576",39,1,2.66,30,2,2.1,53
"WSH","20576",30,2,2.1,39,1,2.66,53
"CGY","20577",24,3,2.17,25,0,0.8,42
"COL","20577",25,0,0.8,24,3,2.17,42
"S.J","20578",25,0,1.58,32,1,2.01,49
"WPG","20578",32,1,2.01,25,0,1.58,49
"DAL","20579",38,3,2.03,34,3,2.44,43
"NYI","20579",34,3,2.44,38,3,2.03,43
"FLA","20580",24,1,1.78,35,1,1.64,38
"MIN","20580",35,1,1.64,24,1,1.78,38
"CHI","20581",35,2,1.88,31,0,1.37,52
"OTT","20581",31,0,1.37,35,2,1.88,52
"ANA","20582",38,2,2.06,20,1,1.1,48
"WPG","20582",20,1,1.1,38,2,2.06,48
"DET","20583",23,1,1.58,30,0,1.51,53
"N.J","20583",30,0,1.51,23,1,1.58,53
"OTT","20584",32,1,1.14,45,1,2.03,56
"STL","20584",45,1,2.03,32,1,1.14,56
"COL","20585",30,1,1.69,24,0,1.53,43
"L.A","20585",24,0,1.53,30,1,1.69,43
"CAR","20586",41,0,2.19,35,1,2.25,56
"EDM","20586",35,1,2.25,41,0,2.19,56
"ARI","20587",33,2,1.76,37,1,1.9,54
"VAN","20587",37,1,1.9,33,2,1.76,54
"BOS","20588",23,1,0.84,33,2,1.31,49
"WSH","20588",33,2,1.31,23,1,0.84,49
"BUF","20589",33,0,1.71,33,4,1.57,49
"FLA","20589",33,4,1.57,33,0,1.71,49
"DAL","20590",25,2,1.56,29,5,2.56,47
"NYR","20590",29,5,2.56,25,2,1.56,47
"MTL","20591",27,2,1.26,31,3,2.02,44
"PHI","20591",31,3,2.02,27,2,1.26,44
"CHI","20592",41,3,2.07,51,2,2.46,60
"PIT","20592",51,2,2.46,41,3,2.07,60
"CBJ","20593",37,1,2.08,37,1,1.95,55
"MIN","20593",37,1,1.95,37,1,2.08,55
"NSH","20594",43,1,2.23,23,1,0.97,45
"WPG","20594",23,1,0.97,43,1,2.23,45
"CGY","20595",40,2,2.69,39,0,2.17,57
"T.B","20595",39,0,2.17,40,2,2.69,57
"MTL","20596",30,0,1.18,23,1,1.19,50
"N.J","20596",23,1,1.19,30,0,1.18,50
"CHI","20597",39,2,2.41,21,0,1.12,48
"PIT","20597",21,0,1.12,39,2,2.41,48
"COL","20598",39,3,2.28,51,2,2.61,56
"STL","20598",51,2,2.61,39,3,2.28,56
"CAR","20599",32,1,1.6,24,2,1.6,46
"VAN","20599",24,2,1.6,32,1,1.6,46
"ANA","20600",44,0,2.39,38,4,2.23,45
"TOR","20600",38,4,2.23,44,0,2.39,45
"NYI","20601",36,1,1.81,41,3,2.43,51
"WSH","20601",41,3,2.43,36,1,1.81,51
"FLA","20602",21,3,1.06,33,2,1.66,49
"OTT","20602",33,2,1.66,21,3,1.06,49
"MIN","20603",36,3,2.38,53,4,2.35,57
"PHI","20603",53,4,2.35,36,3,2.38,57
"DAL","20604",37,1,2.04,34,1,2.14,56
"WPG","20604",34,1,2.14,37,1,2.04,56
"ARI","20605",36,1,2.55,31,0,1.51,48
"CGY","20605",31,0,1.51,36,1,2.55,48
"L.A","20606",50,2,2.66,21,0,0.81,46
"TOR","20606",21,0,0.81,50,2,2.66,46
"DET","20607",28,2,1.38,47,1,2.23,48
"S.J","20607",47,1,2.23,28,2,1.38,48
"BOS","20608",31,3,1.94,25,1,1.18,48
"N.J","20608",25,1,1.18,31,3,1.94,48
"CAR","20609",26,2,2.35,25,0,1.86,44
"CBJ","20609",25,0,1.86,26,2,2.35,44
"BUF","20610",33,1,1.75,53,2,3.1,54
"CHI","20610",53,2,3.1,33,1,1.75,54
"COL","20611",25,2,1.31,30,2,1.21,46
"NSH","20611",30,2,1.21,25,2,1.31,46
"EDM","20612",34,1,1.41,29,3,1.55,47
"T.B","20612",29,3,1.55,34,1,1.41,47
"ANA","20613",43,2,2.13,30,3,1.76,50
"STL","20613",30,3,1.76,43,2,2.13,50
"NYR","20614",32,3,1.64,30,2,1.73,49
"WSH","20614",30,2,1.73,32,3,1.64,49
"NYI","20615",27,0,0.98,37,4,2.15,50
"PHI","20615",37,4,2.15,27,0,0.98,50
"MTL","20616",31,1,1.16,34,1,1.57,45
"PIT","20616",34,1,1.57,31,1,1.16,45
"BOS","20617",43,1,1.95,47,2,2.39,58
"OTT","20617",47,2,2.39,43,1,1.95,58
"CAR","20618",27,3,1.47,29,2,2.49,50
"CBJ","20618",29,2,2.49,27,3,1.47,50
"S.J","20619",38,6,2.24,25,0,1.27,44
"TOR","20619",25,0,1.27,38,6,2.24,44
"DAL","20620",44,0,2.24,30,2,2.66,53
"MIN","20620",30,2,2.66,44,0,2.24,53
"ARI","20621",29,2,1.83,41,0,1.82,50
"NSH","20621",41,0,1.82,29,2,1.83,50
"T.B","20622",37,3,2.06,31,1,1.72,53
"VAN","20622",31,1,1.72,37,3,2.06,53
"L.A","20623",34,1,1.99,20,1,1.17,47
"STL","20623",20,1,1.17,34,1,1.99,47
"BUF","20624",28,2,1.26,44,1,1.81,50
"WPG","20624",44,1,1.81,28,2,1.26,50
"OTT","20625",33,1,1.63,35,4,2.11,47
"WSH","20625",35,4,2.11,33,1,1.63,47
"CHI","20626",37,5,2.24,33,3,1.62,50
"COL","20626",33,3,1.62,37,5,2.24,50
"MIN","20627",23,1,1.01,30,2,1.34,54
"N.J","20627",30,2,1.34,23,1,1.01,54
"ANA","20628",41,1,1.97,35,2,1.54,47
"DET","20628",35,2,1.54,41,1,1.97,47
"EDM","20629",31,1,1.19,21,2,1.23,52
"FLA","20629",21,2,1.23,31,1,1.19,52
"BOS","20630",39,1,2.04,38,2,1.59,56
"NYR","20630",38,2,1.59,39,1,2.04,56
"CGY","20631",35,1,2,24,4,1.36,55
"S.J","20631",24,4,1.36,35,1,2,55
"FLA","20632",34,2,1.98,28,2,1.35,54
"VAN","20632",28,2,1.35,34,2,1.98,54
"DET","20633",32,2,1.14,40,1,1.73,53
"L.A","20633",40,1,1.73,32,2,1.14,53
"CBJ","20634",21,2,1.2,28,4,2.14,41
"NYI","20634",28,4,2.14,21,2,1.2,41
"CAR","20635",19,2,1.18,40,2,3.08,55
"PIT","20635",40,2,3.08,19,2,1.18,55
"N.J","20636",25,2,2.27,31,2,2.63,44
"STL","20636",31,2,2.63,25,2,2.27,44
"BUF","20637",32,3,1.42,35,0,1.41,52
"MIN","20637",35,0,1.41,32,3,1.42,52
"S.J","20638",26,1,2.41,17,0,0.76,39
"WPG","20638",17,0,0.76,26,1,2.41,39
"CHI","20639",28,3,1.68,41,1,1.88,42
"NSH","20639",41,1,1.88,28,3,1.68,42
"COL","20640",21,0,0.94,45,4,2.03,48
"T.B","20640",45,4,2.03,21,0,0.94,48
"ARI","20641",36,1,1.46,47,1,1.41,57
"EDM","20641",47,1,1.41,36,1,1.46,57
"CBJ","20642",37,2,1.68,60,0,3.02,50
"TOR","20642",60,0,3.02,37,2,1.68,50
"BOS","20643",32,1,2.24,32,3,2.21,48
"PHI","20643",32,3,2.21,32,1,2.24,48
"CGY","20644",36,6,1.8,28,0,1.32,51
"FLA","20644",28,0,1.32,36,6,1.8,51
"ANA","20645",42,3,2.22,22,1,1.11,51
"OTT","20645",22,1,1.11,42,3,2.22,51
"NYI","20646",35,1,2.43,36,1,2.69,49
"NYR","20646",36,1,2.69,35,1,2.43,49
"VAN","20647",32,0,2.53,47,3,3.89,49
"WSH","20647",47,3,3.89,32,0,2.53,49
"CHI","20648",40,2,1.47,41,1,3.54,54
"MTL","20648",41,1,3.54,40,2,1.47,54
"CAR","20649",36,3,2.27,25,1,1.33,44
"STL","20649",25,1,1.33,36,3,2.27,44
"NSH","20650",35,2,2.17,28,4,1.23,46
"WPG","20650",28,4,1.23,35,2,2.17,46
"COL","20651",29,1,1.48,26,0,0.83,46
"N.J","20651",26,0,0.83,29,1,1.48,46
"ARI","20652",36,1,2,37,1,1.92,52
"DET","20652",37,1,1.92,36,1,2,52
"EDM","20653",35,1,1.76,36,1,2.56,53
"S.J","20653",36,1,2.56,35,1,1.76,53
"BOS","20654",35,3,1.54,35,1,1.5,47
"BUF","20654",35,1,1.5,35,3,1.54,47
"CHI","20655",34,1,1.67,35,1,1.52,42
"TOR","20655",35,1,1.52,34,1,1.67,42
"CAR","20656",43,1,2.02,25,2,1.19,57
"VAN","20656",25,2,1.19,43,1,2.02,57
"PIT","20657",42,3,1.92,24,3,1.86,47
"T.B","20657",24,3,1.86,42,3,1.92,47
"MIN","20658",28,0,0.97,29,1,1.19,50
"WPG","20658",29,1,1.19,28,0,0.97,50
"ANA","20659",32,3,2.75,27,0,0.98,45
"DAL","20659",27,0,0.98,32,3,2.75,45
"NYR","20660",35,1,1.39,40,1,2.26,51
"PHI","20660",40,1,2.26,35,1,1.39,51
"L.A","20661",35,1,2,29,3,1.91,47
"OTT","20661",29,3,1.91,35,1,2,47
"BOS","20662",52,3,2.12,27,2,1,46
"TOR","20662",27,2,1,52,3,2.12,46
"BUF","20663",20,2,1.07,29,1,1.03,42
"WSH","20663",29,1,1.03,20,2,1.07,42
"CBJ","20664",32,2,2.54,31,1,1.52,47
"COL","20664",31,1,1.52,32,2,2.54,47
"MTL","20665",34,2,2.27,27,4,2,44
"STL","20665",27,4,2,34,2,2.27,44
"MIN","20666",36,0,2.22,27,1,1.28,48
"NSH","20666",27,1,1.28,36,0,2.22,48
"ARI","20667",42,0,2,17,2,0.93,42
"N.J","20667",17,2,0.93,42,0,2,42
"CGY","20668",28,1,1.57,38,1,1.78,53
"EDM","20668",38,1,1.78,28,1,1.57,53
"DAL","20669",35,3,2.06,40,2,2.23,53
"S.J","20669",40,2,2.23,35,3,2.06,53
"CAR","20670",25,0,1.14,32,4,2.28,44
"PIT","20670",32,4,2.28,25,0,1.14,44
"NYI","20671",55,0,3.51,26,1,1.92,52
"VAN","20671",26,1,1.92,55,0,3.51,52
"FLA","20672",28,1,1.48,35,2,2.57,45
"T.B","20672",35,2,2.57,28,1,1.48,45
"NYR","20673",32,2,1.38,25,1,1.01,43
"WSH","20673",25,1,1.01,32,2,1.38,43
"CHI","20674",29,3,1.51,32,1,1.82,52
"MTL","20674",32,1,1.82,29,3,1.51,52
"DET","20675",36,1,1.65,22,1,1.01,48
"PHI","20675",22,1,1.01,36,1,1.65,48
"ANA","20676",38,2,1.75,35,2,1.46,51
"L.A","20676",35,2,1.46,38,2,1.75,51
"EDM","20677",29,4,1.18,36,2,1.66,52
"FLA","20677",36,2,1.66,29,4,1.18,52
"PIT","20678",38,2,2.5,25,4,1.67,48
"STL","20678",25,4,1.67,38,2,2.5,48
"COL","20679",33,0,1.63,39,0,1.95,51
"WPG","20679",39,0,1.95,33,0,1.63,51
"ARI","20680",25,1,1.34,30,0,1.57,44
"BUF","20680",30,0,1.57,25,1,1.34,44
"OTT","20681",25,1,1.39,50,3,2.67,61
"S.J","20681",50,3,2.67,25,1,1.39,61
"CGY","20682",27,0,2.13,33,3,2.87,50
"N.J","20682",33,3,2.87,27,0,2.13,50
"NYR","20683",59,2,4.82,26,1,2.36,60
"VAN","20683",26,1,2.36,59,2,4.82,60
"PHI","20684",41,1,2.52,35,2,2,47
"TOR","20684",35,2,2,41,1,2.52,47
"CBJ","20685",34,2,2.48,27,3,1.33,52
"WSH","20685",27,3,1.33,34,2,2.48,52
"BOS","20686",24,3,1.01,33,1,2.01,43
"MTL","20686",33,1,2.01,24,3,1.01,43
"EDM","20687",30,3,1.62,37,4,1.68,46
"T.B","20687",37,4,1.68,30,3,1.62,46
"CHI","20688",33,3,2.03,45,1,1.37,49
"NSH","20688",45,1,1.37,33,3,2.03,49
"DAL","20689",39,2,2.06,34,2,2.16,53
"L.A","20689",34,2,2.16,39,2,2.06,53
"DET","20690",31,0,1.91,21,2,1.18,49
"STL","20690",21,2,1.18,31,0,1.91,49
"BUF","20691",26,0,1.17,37,2,1.59,50
"COL","20691",37,2,1.59,26,0,1.17,50
"ANA","20692",29,2,1.45,35,1,1.69,50
"MIN","20692",35,1,1.69,29,2,1.45,50
"BOS","20693",40,2,1.49,36,3,1.71,58
"VAN","20693",36,3,1.71,40,2,1.49,58
"N.J","20694",21,3,1.48,32,2,2.59,49
"OTT","20694",32,2,2.59,21,3,1.48,49
"PHI","20695",27,0,1.3,46,2,3.49,46
"PIT","20695",46,2,3.49,27,0,1.3,46
"CBJ","20696",41,2,2.39,38,4,1.89,55
"CGY","20696",38,4,1.89,41,2,2.39,55
"CAR","20697",33,1,2.92,41,0,2.5,50
"TOR","20697",41,0,2.5,33,1,2.92,50
"CHI","20698",22,1,0.83,28,1,1.66,43
"T.B","20698",28,1,1.66,22,1,0.83,43
"NSH","20699",28,2,1.41,28,1,1.3,46
"WPG","20699",28,1,1.3,28,2,1.41,46
"DAL","20700",42,3,2.38,28,1,1.23,49
"EDM","20700",28,1,1.23,42,3,2.38,49
"ARI","20701",33,1,1.24,37,2,1.69,53
"S.J","20701",37,2,1.69,33,1,1.24,53
"L.A","20702",49,0,1.72,35,1,1.95,54
"MIN","20702",35,1,1.95,49,0,1.72,54
"BUF","20703",31,0,1.66,51,2,2.99,48
"DET","20703",51,2,2.99,31,0,1.66,48
"ANA","20704",27,2,1.23,28,0,1.03,46
"WSH","20704",28,0,1.03,27,2,1.23,46
"CAR","20705",42,1,1.73,45,4,2.62,56
"NYR","20705",45,4,2.62,42,1,1.73,56
"NYI","20706",41,4,2.58,33,2,1.75,52
"OTT","20706",33,2,1.75,41,4,2.58,52
"CHI","20707",27,0,1.21,27,4,1.91,47
"FLA","20707",27,4,1.91,27,0,1.21,47
"COL","20708",38,0,1.72,44,1,2.87,52
"STL","20708",44,1,2.87,38,0,1.72,52
"PIT","20709",31,3,1.66,32,3,1.79,47
"VAN","20709",32,3,1.79,31,3,1.66,47
"MIN","20710",23,2,1.29,37,3,2.89,47
"S.J","20710",37,3,2.89,23,2,1.29,47
"BOS","20711",27,2,1.56,34,1,1.75,47
"CBJ","20711",34,1,1.75,27,2,1.56,47
"MTL","20712",41,2,2.14,26,2,1.28,51
"TOR","20712",26,2,1.28,41,2,2.14,51
"ANA","20713",30,3,1.82,22,2,1.28,41
"DET","20713",22,2,1.28,30,3,1.82,41
"FLA","20714",28,3,1.89,28,1,1.38,38
"T.B","20714",28,1,1.38,28,3,1.89,38
"N.J","20715",24,2,1.24,31,0,1.74,54
"WPG","20715",31,0,1.74,24,2,1.24,54
"NYI","20716",18,2,0.83,29,2,1.13,51
"PHI","20716",29,2,1.13,18,2,0.83,51
"COL","20717",20,1,1.37,53,0,2.55,45
"DAL","20717",53,0,2.55,20,1,1.37,45
"ARI","20718",27,2,1.94,30,2,1.07,48
"L.A","20718",30,2,1.07,27,2,1.94,48
"EDM","20719",29,1,1.54,23,2,1.27,48
"NSH","20719",23,2,1.27,29,1,1.54,48
"PIT","20720",36,2,2.42,36,2,2.91,53
"WSH","20720",36,2,2.91,36,2,2.42,53
"NYR","20721",40,0,1.47,43,2,2.6,49
"OTT","20721",43,2,2.6,40,0,1.47,49
"CAR","20722",34,3,2.22,47,2,2.96,39
"CGY","20722",47,2,2.96,34,3,2.22,39
"CHI","20723",28,1,1.21,34,0,1.49,55
"STL","20723",34,0,1.49,28,1,1.21,55
"L.A","20724",39,1,2.43,37,2,1.64,49
"S.J","20724",37,2,1.64,39,1,2.43,49
"DET","20725",34,2,2.15,35,2,2.2,55
"NYI","20725",35,2,2.2,34,2,2.15,55
"BUF","20726",31,3,1.62,32,4,2.35,49
"NYR","20726",32,4,2.35,31,3,1.62,49
"BOS","20727",30,1,0.97,37,1,2.98,47
"PHI","20727",37,1,2.98,30,1,0.97,47
"CBJ","20728",32,4,2.11,42,1,2.22,50
"MTL","20728",42,1,2.22,32,4,2.11,50
"CGY","20729",21,1,1.09,38,2,2.8,49
"DAL","20729",38,2,2.8,21,1,1.09,49
"ARI","20730",36,0,1.27,38,1,2.01,54
"MIN","20730",38,1,2.01,36,0,1.27,54
"ANA","20731",34,4,1.8,35,2,1.37,42
"BOS","20731",35,2,1.37,34,4,1.8,42
"N.J","20732",31,0,1.49,32,1,2.24,47
"PIT","20732",32,1,2.24,31,0,1.49,47
"CAR","20733",53,5,4.08,29,0,1.14,47
"CHI","20733",29,0,1.14,53,5,4.08,47
"CBJ","20734",27,2,1.57,26,1,1.26,44
"MTL","20734",26,1,1.26,27,2,1.57,44
"BUF","20735",25,2,1.3,37,2,1.56,51
"OTT","20735",37,2,1.56,25,2,1.3,51
"FLA","20736",28,3,1.8,29,1,1.44,46
"TOR","20736",29,1,1.44,28,3,1.8,46
"ARI","20737",34,2,2.33,31,3,2.27,46
"WPG","20737",31,3,2.27,34,2,2.33,46
"NSH","20738",22,2,1.75,27,1,1.42,49
"VAN","20738",27,1,1.42,22,2,1.75,49
"COL","20739",29,0,1.05,21,2,1.99,45
"S.J","20739",21,2,1.99,29,0,1.05,45
"T.B","20740",31,0,2.06,29,0,1.48,39
"TOR","20740",29,0,1.48,31,0,2.06,39
"PHI","20741",33,3,1.73,33,3,1.39,46
"WSH","20741",33,3,1.39,33,3,1.73,46
"CGY","20742",26,1,1.6,25,1,1.11,44
"NSH","20742",25,1,1.11,26,1,1.6,44
"COL","20743",19,3,1.36,39,2,2.42,40
"L.A","20743",39,2,2.42,19,3,1.36,40
"BOS","20744",41,3,1.77,45,3,2.08,49
"TOR","20744",45,3,2.08,41,3,1.77,49
"N.J","20745",23,1,1.27,28,2,1.63,46
"NYR","20745",28,2,1.63,23,1,1.27,46
"MIN","20746",32,2,2.19,52,4,3.15,47
"NYI","20746",52,4,3.15,32,2,2.19,47
"MTL","20747",27,1,1.78,29,1,1.7,41
"PHI","20747",29,1,1.7,27,1,1.78,41
"OTT","20748",22,5,1.51,44,4,3.16,48
"PIT","20748",44,4,3.16,22,5,1.51,48
"FLA","20749",19,2,1.28,34,2,2.01,44
"WSH","20749",34,2,2.01,19,2,1.28,44
"NSH","20750",18,0,1.09,26,1,1.22,46
"STL","20750",26,1,1.22,18,0,1.09,46
"DAL","20751",26,3,1.32,24,2,2.01,47
"WPG","20751",24,2,2.01,26,3,1.32,47
"CHI","20752",58,2,3.75,20,1,1.63,47
"COL","20752",20,1,1.63,58,2,3.75,47
"CBJ","20753",39,1,2.12,35,3,2.01,45
"EDM","20753",35,3,2.01,39,1,2.12,45
"ARI","20754",24,2,0.78,37,3,2.23,45
"L.A","20754",37,3,2.23,24,2,0.78,45
"ANA","20755",32,2,1.48,33,2,1.77,47
"S.J","20755",33,2,1.77,32,2,1.48,47
"BUF","20756",33,2,1.21,31,1,1.8,50
"MTL","20756",31,1,1.8,33,2,1.21,50
"DET","20757",31,1,1.17,29,1,1.74,49
"T.B","20757",29,1,1.74,31,1,1.17,49
"CAR","20758",26,1,1.12,32,2,2.52,43
"CGY","20758",32,2,2.52,26,1,1.12,43
"BOS","20759",31,2,1.51,35,2,1.39,50
"BUF","20759",35,2,1.39,31,2,1.51,50
"MIN","20760",24,1,1.53,38,3,2.5,48
"NYR","20760",38,3,2.5,24,1,1.53,48
"NYI","20761",30,2,1.82,23,3,1.47,52
"WSH","20761",23,3,1.47,30,2,1.82,52
"N.J","20762",34,1,1.52,48,1,2.23,47
"TOR","20762",48,1,2.23,34,1,1.52,47
"EDM","20763",29,4,1.45,36,1,1.08,50
"OTT","20763",36,1,1.08,29,4,1.45,50
"DET","20764",23,1,1.52,28,3,1.45,40
"FLA","20764",28,3,1.45,23,1,1.52,40
"S.J","20765",32,3,1.83,28,1,1.57,49
"STL","20765",28,1,1.57,32,3,1.83,49
"NSH","20766",33,2,1.78,19,5,1.43,43
"PHI","20766",19,5,1.43,33,2,1.78,43
"COL","20767",24,3,0.8,52,3,2.83,53
"DAL","20767",52,3,2.83,24,3,0.8,53
"ARI","20768",23,2,0.97,51,4,2.24,50
"CHI","20768",51,4,2.24,23,2,0.97,50
"CBJ","20769",36,0,2.09,39,0,2.16,54
"VAN","20769",39,0,2.16,36,0,2.09,54
"ANA","20770",27,3,1.21,28,1,1.33,47
"L.A","20770",28,1,1.33,27,3,1.21,47
"PIT","20771",34,3,1.58,30,3,1.75,50
"T.B","20771",30,3,1.75,34,3,1.58,50
"CAR","20772",28,4,1.62,40,2,2.57,48
"WPG","20772",40,2,2.57,28,4,1.62,48
"CBJ","20773",23,2,1.6,42,1,2.01,56
"CGY","20773",42,1,2.01,23,2,1.6,56
"ANA","20774",35,3,1.56,24,1,1.25,36
"ARI","20774",24,1,1.25,35,3,1.56,36
"N.J","20775",26,1,1.83,36,2,2.06,55
"WSH","20775",36,2,2.06,26,1,1.83,55
"NYR","20776",32,1,1.89,36,1,2.02,56
"PHI","20776",36,1,2.02,32,1,1.89,56
"EDM","20777",28,0,1.97,34,4,2.43,48
"MTL","20777",34,4,2.43,28,0,1.97,48
"DET","20778",23,4,1.15,36,0,1.24,48
"NYI","20778",36,0,1.24,23,4,1.15,48
"BOS","20779",48,1,2.52,44,1,2.12,52
"BUF","20779",44,1,2.12,48,1,2.52,52
"OTT","20780",29,6,2.79,29,1,1.06,45
"TOR","20780",29,1,1.06,29,6,2.79,45
"FLA","20781",36,0,1.37,38,1,1.81,45
"PIT","20781",38,1,1.81,36,0,1.37,45
"MIN","20782",28,0,1.71,18,1,1.84,40
"STL","20782",18,1,1.84,28,0,1.71,40
"NSH","20783",29,4,1.65,30,0,1.34,44
"S.J","20783",30,0,1.34,29,4,1.65,44
"CHI","20784",25,2,1.76,38,1,2.81,42
"DAL","20784",38,1,2.81,25,2,1.76,42
"COL","20785",33,1,1.52,51,3,2.78,52
"WPG","20785",51,3,2.78,33,1,1.52,52
"CGY","20786",31,2,1.53,46,1,1.8,52
"VAN","20786",46,1,1.8,31,2,1.53,52
"PHI","20787",31,2,1.52,35,3,2.22,46
"WSH","20787",35,3,2.22,31,2,1.52,46
"CAR","20788",35,1,1.72,34,1,1.58,56
"MTL","20788",34,1,1.58,35,1,1.72,56
"EDM","20789",32,1,2.45,30,6,1.06,50
"NYI","20789",30,6,1.06,32,1,2.45,50
"N.J","20790",33,0,2.06,32,2,1.8,49
"NYR","20790",32,2,1.8,33,0,2.06,49
"ANA","20791",43,2,2,39,5,2.94,53
"PIT","20791",39,5,2.94,43,2,2,53
"OTT","20792",22,3,1.13,32,1,1.49,41
"T.B","20792",32,1,1.49,22,3,1.13,41
"DET","20793",36,2,3.11,29,0,1.41,42
"FLA","20793",29,0,1.41,36,2,3.11,42
"BOS","20794",42,1,1.63,60,6,2.96,51
"L.A","20794",60,6,2.96,42,1,1.63,51
"BUF","20795",31,2,1.87,34,6,1.56,52
"FLA","20795",34,6,1.56,31,2,1.87,52
"EDM","20796",17,1,1,21,0,1.19,41
"N.J","20796",21,0,1.19,17,1,1,41
"ANA","20797",31,1,1.79,22,0,0.54,43
"PHI","20797",22,0,0.54,31,1,1.79,43
"CBJ","20798",36,2,3.03,51,1,4.14,60
"NYI","20798",51,1,4.14,36,2,3.03,60
"MTL","20799",32,4,2.46,49,2,2.58,48
"T.B","20799",49,2,2.58,32,4,2.46,48
"STL","20800",25,0,1.47,39,1,2.16,48
"WPG","20800",39,1,2.16,25,0,1.47,48
"NSH","20801",25,2,1.24,32,4,1.92,51
"WSH","20801",32,4,1.92,25,2,1.24,51
"DAL","20802",39,3,1.69,38,2,2.16,51
"MIN","20802",38,2,2.16,39,3,1.69,51
"CHI","20803",34,0,1.81,31,0,1.48,51
"S.J","20803",31,0,1.48,34,0,1.81,51
"COL","20804",27,1,0.81,34,3,1.19,47
"VAN","20804",34,3,1.19,27,1,0.81,47
"CGY","20805",26,2,1.5,40,2,2.26,50
"TOR","20805",40,2,2.26,26,2,1.5,50
"DET","20806",29,1,1.76,26,0,1.43,43
"OTT","20806",26,0,1.43,29,1,1.76,43
"NYR","20807",32,2,1.06,40,0,1.65,53
"PIT","20807",40,0,1.65,32,2,1.06,53
"ARI","20808",27,0,1.16,37,2,1.98,43
"VAN","20808",37,2,1.98,27,0,1.16,43
"L.A","20809",38,2,1.94,35,3,1.7,46
"NYI","20809",35,3,1.7,38,2,1.94,46
"BUF","20810",44,1,3.3,23,5,1.22,39
"PHI","20810",23,5,1.22,44,1,3.3,39
"ANA","20811",30,3,1.87,36,2,3.18,53
"CBJ","20811",36,2,3.18,30,3,1.87,53
"COL","20812",21,0,0.76,41,0,1.99,50
"OTT","20812",41,0,1.99,21,0,0.76,50
"MIN","20813",36,1,1.53,30,2,1.36,41
"WSH","20813",30,2,1.36,36,1,1.53,41
"BOS","20814",27,5,2.37,37,1,1.51,44
"WPG","20814",37,1,1.51,27,5,2.37,44
"CHI","20815",40,2,1.65,31,2,1.54,51
"DAL","20815",31,2,1.54,40,2,1.65,51
"EDM","20816",24,3,1.6,31,2,1.97,40
"TOR","20816",31,2,1.97,24,3,1.6,40
"CGY","20817",19,3,1.4,39,2,2.33,43
"S.J","20817",39,2,2.33,19,3,1.4,43
"BUF","20818",22,4,1.7,39,2,2.39,51
"MTL","20818",39,2,2.39,22,4,1.7,51
"L.A","20819",41,3,2.18,29,3,1.97,57
"NYR","20819",29,3,1.97,41,3,2.18,57
"CAR","20820",51,1,2.25,39,1,2.36,57
"PIT","20820",39,1,2.36,51,1,2.25,57
"COL","20821",22,2,1.93,49,1,3.42,50
"DET","20821",49,1,3.42,22,2,1.93,50
"NSH","20822",31,3,1.27,34,3,1.71,54
"T.B","20822",34,3,1.71,31,3,1.27,54
"FLA","20823",39,3,2.09,31,4,2.51,51
"STL","20823",31,4,2.51,39,3,2.09,51
"ARI","20824",30,1,1.68,27,1,1.22,45
"CGY","20824",27,1,1.22,30,1,1.68,45
"N.J","20825",35,0,2.64,29,0,1.5,56
"PHI","20825",29,0,1.5,35,0,2.64,56
"BOS","20826",14,2,0.93,31,2,1.33,39
"MIN","20826",31,2,1.33,14,2,0.93,39
"FLA","20827",24,0,1.2,27,2,1.22,46
"NSH","20827",27,2,1.22,24,0,1.2,46
"CAR","20828",34,4,1.9,32,2,2.41,53
"NYI","20828",32,2,2.41,34,4,1.9,53
"CBJ","20829",47,3,2.95,40,1,2.56,49
"OTT","20829",40,1,2.56,47,3,2.95,49
"TOR","20830",29,3,1.52,19,1,0.93,44
"VAN","20830",19,1,0.93,29,3,1.52,44
"DAL","20831",38,3,2.51,31,2,1.64,45
"WSH","20831",31,2,1.64,38,3,2.51,45
"ANA","20832",46,2,3,27,1,1.09,55
"CHI","20832",27,1,1.09,46,2,3,55
"EDM","20833",27,0,1.94,34,1,2.33,41
"WPG","20833",34,1,2.33,27,0,1.94,41
"ARI","20834",21,1,0.79,33,3,2.38,43
"S.J","20834",33,3,2.38,21,1,0.79,43
"BUF","20835",23,3,1.52,33,1,1.18,40
"COL","20835",33,1,1.18,23,3,1.52,40
"L.A","20836",33,0,1.33,19,0,1.38,51
"N.J","20836",19,0,1.38,33,0,1.33,51
"BOS","20837",21,3,0.9,32,4,1.44,48
"DET","20837",32,4,1.44,21,3,0.9,48
"STL","20838",23,2,1.43,34,0,1.67,45
"T.B","20838",34,0,1.67,23,2,1.43,45
"NYR","20839",28,2,2.01,30,0,1.49,41
"PHI","20839",30,0,1.49,28,2,2.01,41
"DET","20840",32,1,2.38,30,3,1.8,44
"NYI","20840",30,3,1.8,32,1,2.38,44
"ANA","20841",28,3,1.49,28,2,1.65,49
"CGY","20841",28,2,1.65,28,3,1.49,49
"FLA","20842",30,1,1.5,36,1,2.66,54
"PIT","20842",36,1,2.66,30,1,1.5,54
"DAL","20843",41,2,2.78,36,2,1.93,54
"NSH","20843",36,2,1.93,41,2,2.78,54
"CHI","20844",28,3,1.62,33,1,1.59,44
"TOR","20844",33,1,1.59,28,3,1.62,44
"ARI","20845",36,4,2.47,29,2,1.93,53
"MTL","20845",29,2,1.93,36,4,2.47,53
"MIN","20846",38,4,2.57,30,0,0.85,47
"VAN","20846",30,0,0.85,38,4,2.57,47
"N.J","20847",17,2,0.63,24,3,1.5,40
"PHI","20847",24,3,1.5,17,2,0.63,40
"L.A","20848",42,0,1.61,30,2,1.42,42
"WSH","20848",30,2,1.42,42,0,1.61,42
"CAR","20849",29,0,1.28,24,1,1.16,44
"WPG","20849",24,1,1.16,29,0,1.28,44
"BOS","20850",37,2,1.56,33,0,1.38,48
"CBJ","20850",33,0,1.38,37,2,1.56,48
"BUF","20851",44,1,2.06,39,1,1.86,57
"OTT","20851",39,1,1.86,44,1,2.06,57
"S.J","20852",31,4,1.53,39,2,1.89,49
"T.B","20852",39,2,1.89,31,4,1.53,49
"DAL","20853",24,1,1.82,24,1,0.97,38
"STL","20853",24,1,0.97,24,1,1.82,38
"ANA","20854",29,2,1.58,30,1,1.48,46
"EDM","20854",30,1,1.48,29,2,1.58,46
"CHI","20855",23,1,1.82,36,1,2.37,49
"NYR","20855",36,1,2.37,23,1,1.82,49
"COL","20856",25,1,1.58,34,2,1.34,48
"MTL","20856",34,2,1.34,25,1,1.58,48
"CGY","20857",31,2,1.51,16,1,0.62,44
"MIN","20857",16,1,0.62,31,2,1.51,44
"NYI","20858",25,2,1.33,33,2,2.33,52
"WSH","20858",33,2,2.33,25,2,1.33,52
"DET","20859",48,3,3.04,43,5,2.53,55
"PIT","20859",43,5,2.53,48,3,3.04,55
"NYR","20860",20,2,0.78,35,1,2.48,44
"TOR","20860",35,1,2.48,20,2,0.78,44
"CAR","20861",35,1,1.69,26,3,1.31,45
"OTT","20861",26,3,1.31,35,1,1.69,45
"T.B","20862",34,5,1.57,35,2,1.41,49
"WPG","20862",35,2,1.41,34,5,1.57,49
"FLA","20863",22,1,1.34,31,1,1.61,53
"S.J","20863",31,1,1.61,22,1,1.34,53
"L.A","20864",37,0,1.89,30,1,2.3,42
"STL","20864",30,1,2.3,37,0,1.89,42
"BOS","20865",26,0,0.73,34,2,1.86,46
"NSH","20865",34,2,1.86,26,0,0.73,46
"EDM","20866",37,2,2.85,25,2,1.79,49
"MIN","20866",25,2,1.79,37,2,2.85,49
"ARI","20867",44,4,2.81,45,2,3.1,51
"DAL","20867",45,2,3.1,44,4,2.81,51
"ANA","20868",36,3,1.81,23,1,1.04,47
"VAN","20868",23,1,1.04,36,3,1.81,47
"N.J","20869",31,0,2.39,25,1,1.76,46
"NYI","20869",25,1,1.76,31,0,2.39,46
"CAR","20870",38,3,2.41,34,2,1.51,57
"S.J","20870",34,2,1.51,38,3,2.41,57
"BUF","20871",30,2,2.44,40,0,3.05,44
"CBJ","20871",40,0,3.05,30,2,2.44,44
"MTL","20872",29,1,1.22,37,2,1.7,50
"PHI","20872",37,2,1.7,29,1,1.22,50
"CGY","20873",38,5,2.81,37,2,2.2,53
"VAN","20873",37,2,2.2,38,5,2.81,53
"PIT","20874",38,1,1.77,19,4,1.04,46
"T.B","20874",19,4,1.04,38,1,1.77,46
"PHI","20875",40,5,2.19,32,4,1.08,54
"TOR","20875",32,4,1.08,40,5,2.19,54
"DET","20876",35,2,2.39,24,2,0.74,55
"OTT","20876",24,2,0.74,35,2,2.39,55
"FLA","20877",40,2,2.84,28,0,1.38,47
"WPG","20877",28,0,1.38,40,2,2.84,47
"N.J","20878",29,3,1.73,35,4,2.07,50
"WSH","20878",35,4,2.07,29,3,1.73,50
"L.A","20879",32,2,0.95,32,0,1.61,44
"NSH","20879",32,0,1.61,32,2,0.95,44
"BOS","20880",35,3,2.41,43,2,3,47
"DAL","20880",43,2,3,35,3,2.41,47
"ARI","20881",32,3,1.1,48,4,1.97,49
"STL","20881",48,4,1.97,32,3,1.1,49
"COL","20882",32,3,1.73,33,1,1.98,45
"EDM","20882",33,1,1.98,32,3,1.73,45
"BUF","20883",30,0,1.25,29,3,1.67,50
"PIT","20883",29,3,1.67,30,0,1.25,50
"CHI","20884",32,1,1.1,32,4,3.41,44
"MIN","20884",32,4,3.41,32,1,1.1,44
"DET","20885",29,0,1.6,35,1,2.61,44
"NYR","20885",35,1,2.61,29,0,1.6,44
"CAR","20886",31,1,1.95,19,2,1.2,46
"T.B","20886",19,2,1.2,31,1,1.95,46
"ANA","20887",40,3,2.87,28,1,1.46,43
"CGY","20887",28,1,1.46,40,3,2.87,43
"COL","20888",42,1,2.2,31,3,2.31,52
"VAN","20888",31,3,2.31,42,1,2.2,52
"BOS","20889",29,3,1.73,41,3,2.12,50
"CBJ","20889",41,3,2.12,29,3,1.73,50
"ARI","20890",28,2,1.25,29,2,1.82,39
"WSH","20890",29,2,1.82,28,2,1.25,39
"MTL","20891",33,1,2,39,0,2.27,60
"NSH","20891",39,0,2.27,33,1,2,60
"S.J","20892",23,3,1.68,32,1,1.54,44
"STL","20892",32,1,1.54,23,3,1.68,44
"N.J","20893",40,3,2.65,24,2,1.37,52
"NYR","20893",24,2,1.37,40,3,2.65,52
"CAR","20894",19,3,1.61,51,1,2.83,44
"PHI","20894",51,1,2.83,19,3,1.61,44
"NSH","20895",24,2,0.82,36,0,0.91,47
"TOR","20895",36,0,0.91,24,2,0.82,47
"CBJ","20896",32,1,1.77,38,0,1.79,56
"DET","20896",38,0,1.79,32,1,1.77,56
"ARI","20897",36,1,1.31,38,1,1.6,51
"T.B","20897",38,1,1.6,36,1,1.31,51
"MIN","20898",30,1,1.5,29,1,1.48,46
"NYI","20898",29,1,1.48,30,1,1.5,46
"DAL","20899",27,2,1.79,26,2,1.53,43
"WPG","20899",26,2,1.53,27,2,1.79,43
"EDM","20900",34,1,1.97,29,2,2.29,50
"OTT","20900",29,2,2.29,34,1,1.97,50
"CGY","20901",29,0,1.52,44,1,2.54,49
"L.A","20901",44,1,2.54,29,0,1.52,49
"MTL","20902",40,3,2.2,41,3,2.25,47
"WSH","20902",41,3,2.25,40,3,2.2,47
"BOS","20903",32,4,2.12,60,1,3.07,58
"PIT","20903",60,1,3.07,32,4,2.12,58
"COL","20904",45,2,2.53,39,2,2.58,60
"S.J","20904",39,2,2.58,45,2,2.53,60
"ANA","20905",32,0,1.6,30,0,1.84,46
"BUF","20905",30,0,1.84,32,0,1.6,46
"MIN","20906",26,1,1.46,35,2,2.3,52
"PHI","20906",35,2,2.3,26,1,1.46,52
"CBJ","20907",31,5,3.22,24,1,2.28,47
"N.J","20907",24,1,2.28,31,5,3.22,47
"CAR","20908",32,1,1.46,29,2,1.61,47
"TOR","20908",29,2,1.61,32,1,1.46,47
"ARI","20909",24,1,0.81,26,2,2.17,46
"FLA","20909",26,2,2.17,24,1,0.81,46
"NYR","20910",28,2,1.16,42,0,1.81,49
"STL","20910",42,0,1.81,28,2,1.16,49
"CHI","20911",43,1,1.77,35,2,1.45,54
"NSH","20911",35,2,1.45,43,1,1.77,54
"DAL","20912",32,1,1.47,33,6,2.05,50
"WPG","20912",33,6,2.05,32,1,1.47,50
"CGY","20913",36,1,2.56,36,2,1.48,56
"NYI","20913",36,2,1.48,36,1,2.56,56
"OTT","20914",29,2,1.54,36,3,2.58,46
"VAN","20914",36,3,2.58,29,2,1.54,46
"EDM","20915",30,1,1.74,48,2,3.04,54
"L.A","20915",48,2,3.04,30,1,1.74,54
"N.J","20916",29,0,1.84,35,4,2.14,47
"T.B","20916",35,4,2.14,29,0,1.84,47
"MIN","20917",40,1,1.45,35,2,1.81,52
"WSH","20917",35,2,1.81,40,1,1.45,52
"BOS","20918",26,3,1.15,44,0,2.15,48
"CAR","20918",44,0,2.15,26,3,1.15,48
"ANA","20919",39,1,2.18,27,1,1.11,49
"EDM","20919",27,1,1.11,39,1,2.18,49
"BUF","20920",31,2,1.03,37,1,2.16,59
"S.J","20920",37,1,2.16,31,2,1.03,59
"ARI","20921",33,2,1.79,36,3,1.99,48
"PHI","20921",36,3,1.99,33,2,1.79,48
"PIT","20922",39,4,3.27,34,0,2.27,55
"WPG","20922",34,0,2.27,39,4,3.27,55
"CBJ","20923",32,2,2.35,34,2,3.2,48
"FLA","20923",34,2,3.2,32,2,2.35,48
"NSH","20924",25,4,1.27,33,0,1.86,47
"STL","20924",33,0,1.86,25,4,1.27,47
"DAL","20925",58,2,3.29,39,2,1.96,57
"NYR","20925",39,2,1.96,58,2,3.29,57
"MTL","20926",35,4,2.35,28,1,1.5,47
"TOR","20926",28,1,1.5,35,4,2.35,47
"COL","20927",33,3,1.5,30,4,2.13,42
"DET","20927",30,4,2.13,33,3,1.5,42
"CGY","20928",38,3,1.82,34,4,1.64,48
"OTT","20928",34,4,1.64,38,3,1.82,48
"BUF","20929",24,0,1.42,39,2,1.8,47
"L.A","20929",39,2,1.8,24,0,1.42,47
"CHI","20930",27,2,1.75,30,0,1.59,46
"WSH","20930",30,0,1.59,27,2,1.75,46
"CAR","20931",39,2,1.79,51,4,3.78,49
"STL","20931",51,4,3.78,39,2,1.79,49
"FLA","20932",25,0,0.92,33,2,1.65,47
"MIN","20932",33,2,1.65,25,0,0.92,47
"BOS","20933",25,1,0.85,32,1,1.48,45
"T.B","20933",32,1,1.48,25,1,0.85,45
"S.J","20934",25,2,1.04,32,1,2.21,48
"VAN","20934",32,1,2.21,25,2,1.04,48
"ANA","20935",37,1,1.6,28,1,1.18,46
"L.A","20935",28,1,1.18,37,1,1.6,46
"EDM","20936",35,3,1.59,33,1,2.55,46
"NYI","20936",33,1,2.55,35,3,1.59,46
"CBJ","20937",33,1,2.71,27,1,2,55
"NYR","20937",27,1,2,33,1,2.71,55
"CGY","20938",37,2,2,30,2,1.6,51
"PHI","20938",30,2,1.6,37,2,2,51
"ARI","20939",25,0,1.09,34,5,2.38,42
"PIT","20939",34,5,2.38,25,0,1.09,42
"T.B","20940",35,2,2.07,43,0,1.9,52
"TOR","20940",43,0,1.9,35,2,2.07,52
"DAL","20941",41,1,2.69,37,2,2.24,49
"DET","20941",37,2,2.24,41,1,2.69,49
"MTL","20942",32,2,1.43,43,6,2.97,50
"S.J","20942",43,6,2.97,32,2,1.43,50
"BOS","20943",27,1,1.44,22,1,1.06,45
"CGY","20943",22,1,1.06,27,1,1.44,45
"BUF","20944",36,1,1.28,47,1,1.88,56
"EDM","20944",47,1,1.88,36,1,1.28,56
"CAR","20945",14,1,1.05,37,1,2.03,50
"N.J","20945",37,1,2.03,14,1,1.05,50
"OTT","20946",50,2,2.82,43,1,2.53,53
"STL","20946",43,1,2.53,50,2,2.82,53
"DAL","20947",41,2,1.22,38,4,2.39,45
"NSH","20947",38,4,2.39,41,2,1.22,45
"COL","20948",33,1,1.61,29,4,1.29,49
"MIN","20948",29,4,1.29,33,1,1.61,49
"FLA","20949",22,2,1.2,34,2,2.4,48
"WPG","20949",34,2,2.4,22,2,1.2,48
"NYI","20950",30,3,1.47,31,1,2.24,53
"VAN","20950",31,1,2.24,30,3,1.47,53
"TOR","20951",25,2,0.95,26,2,1.76,44
"WSH","20951",26,2,1.76,25,2,0.95,44
"CHI","20952",33,3,1.59,34,1,2.35,51
"DET","20952",34,1,2.35,33,3,1.59,51
"ANA","20953",34,1,1.82,33,2,1.45,51
"MTL","20953",33,2,1.45,34,1,1.82,51
"BOS","20954",33,3,1.58,32,1,1.14,54
"CHI","20954",32,1,1.14,33,3,1.58,54
"BUF","20955",30,3,1.44,30,2,1.71,41
"CGY","20955",30,2,1.71,30,3,1.44,41
"EDM","20956",31,3,2.95,31,0,1.19,41
"PHI","20956",31,0,1.19,31,3,2.95,41
"NYR","20957",35,1,1.54,24,2,2.01,52
"PIT","20957",24,2,2.01,35,1,1.54,52
"MIN","20958",29,0,1.5,29,1,1.32,51
"TOR","20958",29,1,1.32,29,0,1.5,51
"OTT","20959",35,1,2.07,36,3,2,49
"T.B","20959",36,3,2,35,1,2.07,49
"N.J","20960",29,1,1.42,39,2,2.38,59
"NSH","20960",39,2,2.38,29,1,1.42,59
"NYI","20961",22,3,1.44,29,2,1.15,46
"WPG","20961",29,2,1.15,22,3,1.44,46
"COL","20962",24,2,0.88,42,2,2.75,48
"FLA","20962",42,2,2.75,24,2,0.88,48
"ANA","20963",15,2,0.57,29,0,1.16,38
"ARI","20963",29,0,1.16,15,2,0.57,38
"S.J","20964",35,2,1.73,29,2,1.3,47
"VAN","20964",29,2,1.3,35,2,1.73,47
"L.A","20965",37,3,1.82,18,2,0.73,48
"MTL","20965",18,2,0.73,37,3,1.82,48
"NYR","20966",27,2,1.58,44,1,2,52
"WSH","20966",44,1,2,27,2,1.58,52
"CBJ","20967",34,5,2.2,44,2,2.85,50
"EDM","20967",44,2,2.85,34,5,2.2,50
"DAL","20968",31,3,1.82,29,2,1.7,48
"N.J","20968",29,2,1.7,31,3,1.82,48
"BUF","20969",38,0,1.45,38,1,1.99,62
"MIN","20969",38,1,1.99,38,0,1.45,62
"CGY","20970",27,4,1.2,29,1,1.44,48
"PIT","20970",29,1,1.44,27,4,1.2,48
"COL","20971",37,2,2.47,30,3,1.43,45
"NSH","20971",30,3,1.43,37,2,2.47,45
"ANA","20972",26,1,1.36,40,0,1.43,47
"L.A","20972",40,0,1.43,26,1,1.36,47
"BOS","20973",31,1,0.95,33,2,1.79,50
"WSH","20973",33,2,1.79,31,1,0.95,50
"OTT","20974",41,3,2.04,50,1,2.9,51
"TOR","20974",50,1,2.9,41,3,2.04,51
"CAR","20975",29,2,1.72,36,4,1.65,50
"T.B","20975",36,4,1.65,29,2,1.72,50
"CBJ","20976",20,0,0.78,39,6,2.22,47
"PHI","20976",39,6,2.22,20,0,0.78,47
"MTL","20977",33,2,2.9,30,3,1.27,48
"WPG","20977",30,3,1.27,33,2,2.9,48
"ARI","20978",29,3,1.56,42,1,1.93,43
"FLA","20978",42,1,1.93,29,3,1.56,43
"S.J","20979",31,2,2.04,14,0,0.4,38
"VAN","20979",14,0,0.4,31,2,2.04,38
"DAL","20980",28,1,1.33,28,1,1.46,50
"OTT","20980",28,1,1.46,28,1,1.33,50
"N.J","20981",18,1,0.89,22,5,1.48,46
"PIT","20981",22,5,1.48,18,1,0.89,46
"NYI","20982",40,4,2.61,32,2,1.7,50
"NYR","20982",32,2,1.7,40,4,2.61,50
"CHI","20983",26,2,1.46,35,1,1.55,46
"DET","20983",35,1,1.55,26,2,1.46,46
"EDM","20984",36,2,2.73,42,1,2.14,48
"WPG","20984",42,1,2.14,36,2,2.73,48
"MIN","20985",30,2,1.24,47,3,2.81,47
"STL","20985",47,3,2.81,30,2,1.24,47
"PHI","20986",49,2,2.51,28,2,1.35,49
"T.B","20986",28,2,1.35,49,2,2.51,49
"BUF","20987",29,3,1.88,40,2,2.88,55
"TOR","20987",40,2,2.88,29,3,1.88,55
"BOS","20988",34,5,1.55,49,3,3.09,53
"FLA","20988",49,3,3.09,34,5,1.55,53
"ARI","20989",51,1,2.54,39,2,3.01,48
"COL","20989",39,2,3.01,51,1,2.54,48
"CGY","20990",39,0,2.27,27,2,1.33,48
"S.J","20990",27,2,1.33,39,0,2.27,48
"ANA","20991",39,0,2.1,29,1,2.14,52
"WSH","20991",29,1,2.14,39,0,2.1,52
"L.A","20992",39,3,1.65,24,1,1.75,46
"VAN","20992",24,1,1.75,39,3,1.65,46
"BUF","20993",30,2,1.31,34,2,2.03,51
"NYR","20993",34,2,2.03,30,2,1.31,51
"NYI","20994",33,0,1.42,40,1,2.29,49
"PIT","20994",40,1,2.29,33,0,1.42,49
"CAR","20995",45,1,2.72,40,2,2.76,56
"OTT","20995",40,2,2.76,45,1,2.72,56
"CBJ","20996",27,2,2.69,31,1,1.95,39
"DET","20996",31,1,1.95,27,2,2.69,39
"DAL","20997",35,2,1.65,36,4,1.79,55
"MTL","20997",36,4,1.79,35,2,1.65,55
"BOS","20998",31,1,1.61,46,0,1.61,51
"T.B","20998",46,0,1.61,31,1,1.61,51
"NSH","20999",25,4,1.87,22,2,1.9,37
"WPG","20999",22,2,1.9,25,4,1.87,37
"EDM","21000",42,0,2.02,29,2,1.74,55
"S.J","21000",29,2,1.74,42,0,2.02,55
"NYI","21001",36,3,2.53,43,1,2.8,60
"TOR","21001",43,1,2.8,36,3,2.53,60
"CHI","21002",31,0,2.18,38,0,2.09,52
"STL","21002",38,0,2.09,31,0,2.18,52
"CGY","21003",38,3,2.45,31,1,1.44,52
"NSH","21003",31,1,1.44,38,3,2.45,52
"ANA","21004",47,0,2.53,25,3,1.43,50
"COL","21004",25,3,1.43,47,0,2.53,50
"ARI","21005",43,1,1.58,28,3,2.22,52
"VAN","21005",28,3,2.22,43,1,1.58,52
"L.A","21006",34,3,2.2,41,2,3.31,56
"WSH","21006",41,2,3.31,34,3,2.2,56
"BOS","21007",36,1,1.27,30,2,2.3,52
"CAR","21007",30,2,2.3,36,1,1.27,52
"BUF","21008",38,2,1.81,37,2,1.7,45
"MTL","21008",37,2,1.7,38,2,1.81,45
"DET","21009",36,3,1.57,24,2,1.21,44
"WPG","21009",24,2,1.21,36,3,1.57,44
"FLA","21010",35,6,2.81,38,2,1.69,51
"OTT","21010",38,2,1.69,35,6,2.81,51
"EDM","21011",31,2,1.75,29,1,1.68,45
"MIN","21011",29,1,1.68,31,2,1.75,45
"N.J","21012",18,2,0.86,30,0,1.26,50
"S.J","21012",30,0,1.26,18,2,0.86,50
"CBJ","21013",30,2,2.04,41,2,2.25,47
"PIT","21013",41,2,2.25,30,2,2.04,47
"PHI","21014",25,1,1.27,27,0,1.14,50
"T.B","21014",27,0,1.14,25,1,1.27,50
"ANA","21015",30,1,2.19,20,3,1.22,47
"STL","21015",20,3,1.22,30,1,2.19,47
"CHI","21016",25,2,1.45,21,2,1.47,37
"DAL","21016",21,2,1.47,25,2,1.45,37
"ARI","21017",31,1,1.6,25,0,1.09,46
"CGY","21017",25,0,1.09,31,1,1.6,46
"BOS","21018",41,2,1.98,37,1,1.44,58
"NYI","21018",37,1,1.44,41,2,1.98,58
"DET","21019",50,2,3.62,30,1,2.36,51
"NYR","21019",30,1,2.36,50,2,3.62,51
"BUF","21020",27,3,1.52,39,1,2.13,50
"CAR","21020",39,1,2.13,27,3,1.52,50
"MIN","21021",25,2,0.95,37,1,2.14,51
"MTL","21021",37,1,2.14,25,2,0.95,51
"OTT","21022",22,4,1.04,36,0,1.34,47
"TOR","21022",36,0,1.34,22,4,1.04,47
"FLA","21023",33,3,1.84,28,3,1.03,50
"PHI","21023",28,3,1.03,33,3,1.84,50
"COL","21024",26,1,1.22,33,2,3.32,46
"WPG","21024",33,2,3.32,26,1,1.22,46
"DAL","21025",39,3,2.48,46,5,3.47,50
"STL","21025",46,5,3.47,39,3,2.48,50
"ARI","21026",34,3,1.67,46,0,2.77,50
"EDM","21026",46,0,2.77,34,3,1.67,50
"NSH","21027",38,2,1.75,25,3,1.64,47
"VAN","21027",25,3,1.64,38,2,1.75,47
"L.A","21028",27,1,1.33,32,2,2.25,52
"N.J","21028",32,2,2.25,27,1,1.33,52
"S.J","21029",36,2,1.96,25,1,1.26,50
"WSH","21029",25,1,1.26,36,2,1.96,50
"NYR","21030",29,2,2.62,30,3,2.68,48
"PIT","21030",30,3,2.68,29,2,2.62,48
"CBJ","21031",33,0,1.91,32,2,2,42
"T.B","21031",32,2,2,33,0,1.91,42
"DET","21032",40,0,2.49,34,1,2.48,48
"TOR","21032",34,1,2.48,40,0,2.49,48
"FLA","21033",32,1,2.09,39,3,2.57,52
"NYI","21033",39,3,2.57,32,1,2.09,52
"CHI","21034",24,0,1.07,28,5,1.59,47
"L.A","21034",28,5,1.59,24,0,1.07,47
"CGY","21035",32,3,2.46,34,3,2.31,47
"STL","21035",34,3,2.31,32,3,2.46,47
"EDM","21036",29,2,1.45,31,3,1.93,49
"NSH","21036",31,3,1.93,29,2,1.45,49
"VAN","21037",29,2,1.35,35,5,2.41,49
"WPG","21037",35,5,2.41,29,2,1.35,49
"ANA","21038",35,6,2.39,28,1,1.5,50
"N.J","21038",28,1,1.5,35,6,2.39,50
"DET","21039",42,3,2.22,42,4,2.19,48
"PHI","21039",42,4,2.19,42,3,2.22,48
"NYI","21040",26,0,1.09,38,1,1.91,53
"PIT","21040",38,1,1.91,26,0,1.09,53
"CAR","21041",26,1,1.03,45,2,2.43,55
"WSH","21041",45,2,2.43,26,1,1.03,55
"T.B","21042",35,1,1.28,26,2,1.3,46
"TOR","21042",26,2,1.3,35,1,1.28,46
"FLA","21043",35,3,2.59,34,1,1.59,55
"MTL","21043",34,1,1.59,35,3,2.59,55
"MIN","21044",28,2,0.88,24,2,0.7,50
"OTT","21044",24,2,0.7,28,2,0.88,50
"DAL","21045",35,1,1.55,26,4,1.86,52
"L.A","21045",26,4,1.86,35,1,1.55,52
"BOS","21046",30,1,1.07,35,2,2.48,49
"S.J","21046",35,2,2.48,30,1,1.07,49
"BUF","21047",39,0,1.56,26,2,0.98,44
"MTL","21047",26,2,0.98,39,0,1.56,44
"CHI","21048",28,1,1.8,31,2,1.36,50
"PHI","21048",31,2,1.36,28,1,1.8,50
"EDM","21049",17,1,1.01,36,3,1.79,42
"STL","21049",36,3,1.79,17,1,1.01,42
"CGY","21050",23,3,1.26,39,1,1.87,53
"WPG","21050",39,1,1.87,23,3,1.26,53
"COL","21051",37,3,1.87,30,1,1.56,51
"VAN","21051",30,1,1.56,37,3,1.87,51
"ANA","21052",33,1,1.75,24,2,1.65,52
"NYR","21052",24,2,1.65,33,1,1.75,52
"MIN","21053",34,2,1.27,28,7,2.23,51
"N.J","21053",28,7,2.23,34,2,1.27,51
"CAR","21054",29,2,1.98,48,4,4.15,50
"PIT","21054",48,4,4.15,29,2,1.98,50
"CBJ","21055",27,0,1.79,23,3,2.04,48
"DET","21055",23,3,2.04,27,0,1.79,48
"FLA","21056",38,1,1.52,39,1,1.27,47
"TOR","21056",39,1,1.27,38,1,1.52,47
"NSH","21057",48,2,2.68,33,2,1.03,59
"NYI","21057",33,2,1.03,48,2,2.68,59
"DAL","21058",45,4,2.62,28,2,1.56,55
"T.B","21058",28,2,1.56,45,4,2.62,55
"ARI","21059",29,2,1.42,39,1,1.6,53
"S.J","21059",39,1,1.6,29,2,1.42,53
"L.A","21060",48,4,2.95,29,3,1.26,55
"NYR","21060",29,3,1.26,48,4,2.95,55
"CHI","21063",22,0,1.04,17,0,0.83,49
"WPG","21063",17,0,0.83,22,0,1.04,49
"CGY","21064",17,0,0.87,17,1,1.33,57
"COL","21064",17,1,1.33,17,0,0.87,57
"EDM","21065",13,1,1.2,18,0,0.81,49
"VAN","21065",18,0,0.81,13,1,1.2,49
"ANA","21066",25,2,1.45,33,0,1.89,51
"BOS","21066",33,0,1.89,25,2,1.45,51
"PHI","21067",18,1,0.48,35,3,1.96,47
"PIT","21067",35,3,1.96,18,1,0.48,47
"CAR","21068",33,2,1.74,35,2,2.75,55
"MIN","21068",35,2,2.75,33,2,1.74,55
"NYR","21069",33,1,1.86,52,3,3.51,51
"S.J","21069",52,3,3.51,33,1,1.86,51
"BUF","21070",27,1,0.64,45,4,1.77,53
"TOR","21070",45,4,1.77,27,1,0.64,53
"MTL","21071",36,0,2.6,43,2,2.05,50
"OTT","21071",43,2,2.05,36,0,2.6,50
"DET","21072",31,2,1.4,31,3,1.71,48
"FLA","21072",31,3,1.71,31,2,1.4,48
"CBJ","21073",42,5,3.29,30,1,2.05,45
"N.J","21073",30,1,2.05,42,5,3.29,45
"DAL","21074",43,2,2.43,35,0,1.94,50
"NYI","21074",35,0,1.94,43,2,2.43,50
"STL","21075",48,1,2.73,21,0,1.16,44
"VAN","21075",21,0,1.16,48,1,2.73,44
"ARI","21076",30,0,1.25,37,1,3.3,43
"T.B","21076",37,1,3.3,30,0,1.25,43
"BOS","21077",21,1,1.17,34,2,1.71,45
"L.A","21077",34,2,1.71,21,1,1.17,45
"ANA","21078",33,2,1.63,29,2,1.07,54
"WPG","21078",29,2,1.07,33,2,1.63,54
"CBJ","21079",25,1,1.19,24,2,1.61,46
"N.J","21079",24,2,1.61,25,1,1.19,46
"PIT","21080",29,5,1.91,23,2,1.73,43
"WSH","21080",23,2,1.73,29,5,1.91,43
"CGY","21081",33,3,1.91,28,1,1.47,55
"MTL","21081",28,1,1.47,33,3,1.91,55
"CHI","21082",40,2,2.66,33,2,2.06,54
"MIN","21082",33,2,2.06,40,2,2.66,54
"COL","21083",34,2,1.98,27,1,1.67,47
"EDM","21083",27,1,1.67,34,2,1.98,47
"ARI","21084",20,0,0.81,33,1,2.5,43
"S.J","21084",33,1,2.5,20,0,0.81,43
"NYI","21085",25,1,1.82,25,3,1.76,42
"PHI","21085",25,3,1.76,25,1,1.82,42
"FLA","21086",30,1,2.04,33,2,2.27,55
"NYR","21086",33,2,2.27,30,1,2.04,55
"CGY","21087",26,1,1.41,30,3,1.22,43
"TOR","21087",30,3,1.22,26,1,1.41,43
"L.A","21088",32,2,1.15,33,3,2,47
"NSH","21088",33,3,2,32,2,1.15,47
"BUF","21089",26,3,1.73,35,2,2.1,50
"CAR","21089",35,2,2.1,26,3,1.73,50
"CBJ","21090",39,0,1.73,32,1,1.79,46
"PHI","21090",32,1,1.79,39,0,1.73,46
"ANA","21091",35,3,1.55,25,4,1.22,52
"MTL","21091",25,4,1.22,35,3,1.55,52
"OTT","21092",28,1,1.1,26,2,1.43,48
"WSH","21092",26,2,1.43,28,1,1.1,48
"DET","21093",32,1,1.32,34,5,3.32,52
"T.B","21093",34,5,3.32,32,1,1.32,52
"L.A","21094",44,1,2.15,17,1,0.66,47
"MIN","21094",17,1,0.66,44,1,2.15,47
"VAN","21095",24,0,0.96,52,1,3.38,49
"WPG","21095",52,1,3.38,24,0,0.96,49
"CHI","21096",37,2,1.46,27,3,1.9,50
"DAL","21096",27,3,1.9,37,2,1.46,50
"ARI","21097",38,2,1.63,37,0,1.73,50
"EDM","21097",37,0,1.73,38,2,1.63,50
"S.J","21098",32,0,1.24,24,1,1.07,49
"STL","21098",24,1,1.07,32,0,1.24,49
"NYI","21099",26,3,1.73,20,1,1.64,49
"OTT","21099",20,1,1.64,26,3,1.73,49
"BOS","21100",45,2,1.69,19,2,0.99,48
"NYR","21100",19,2,0.99,45,2,1.69,48
"BOS","21101",20,1,0.55,11,0,0.24,43
"FLA","21101",11,0,0.24,20,1,0.55,43
"N.J","21102",15,1,0.69,28,0,1.54,46
"PIT","21102",28,0,1.54,15,1,0.69,46
"CAR","21103",17,0,1.4,37,1,3.17,52
"CBJ","21103",37,1,3.17,17,0,1.4,52
"ANA","21104",19,0,1.17,21,2,0.79,49
"TOR","21104",21,2,0.79,19,0,1.17,49
"DET","21105",22,1,0.89,17,0,0.66,52
"MTL","21105",17,0,0.66,22,1,0.89,52
"NSH","21106",31,2,1.54,22,1,1.38,57
"VAN","21106",22,1,1.38,31,2,1.54,57
"CGY","21107",13,0,0.87,17,3,1.3,46
"MIN","21107",17,3,1.3,13,0,0.87,46
"L.A","21108",24,0,1.18,14,1,0.63,45
"WPG","21108",14,1,0.63,24,0,1.18,45
"COL","21109",20,2,0.93,42,3,2.36,52
"PHI","21109",42,3,2.36,20,2,0.93,52
"ARI","21110",35,2,2.22,45,1,2.47,41
"DAL","21110",45,1,2.47,35,2,2.22,41
"EDM","21111",28,5,1.43,31,1,1.36,52
"S.J","21111",31,1,1.36,28,5,1.43,52
"N.J","21112",23,0,0.89,34,1,1.85,50
"WSH","21112",34,1,1.85,23,0,0.89,50
"NYI","21113",24,4,0.94,42,6,2.74,44
"T.B","21113",42,6,2.74,24,4,0.94,44
"STL","21114",45,3,2.73,23,0,1.49,55
"VAN","21114",23,0,1.49,45,3,2.73,55
"DET","21115",27,1,1.29,41,5,3.31,49
"PIT","21115",41,5,3.31,27,1,1.29,49
"BUF","21116",41,3,2.11,29,2,1.61,53
"WPG","21116",29,2,1.61,41,3,2.11,53
"COL","21117",39,0,1.22,25,2,1.47,44
"MIN","21117",25,2,1.47,39,0,1.22,44
"DAL","21118",19,2,0.83,45,1,2.79,41
"S.J","21118",45,1,2.79,19,2,0.83,41
"BOS","21119",39,1,1.76,34,1,2.04,50
"TOR","21119",34,1,2.04,39,1,1.76,50
"MTL","21120",27,2,1.47,30,3,1.68,45
"NYR","21120",30,3,1.68,27,2,1.47,45
"ANA","21121",40,2,1.19,31,3,2.06,48
"OTT","21121",31,3,2.06,40,2,1.19,48
"FLA","21122",26,3,1.31,29,0,1.71,41
"T.B","21122",29,0,1.71,26,3,1.31,41
"STL","21123",37,4,2.46,36,0,2.35,55
"WSH","21123",36,0,2.35,37,4,2.46,55
"CAR","21124",48,3,3.02,44,3,2.43,60
"NYI","21124",44,3,2.43,48,3,3.02,60
"CBJ","21125",23,1,1.29,52,4,3.36,52
"NSH","21125",52,4,3.36,23,1,1.29,52
"CGY","21126",34,1,1.87,32,2,2.37,51
"CHI","21126",32,2,2.37,34,1,1.87,51
"ARI","21127",21,1,1.55,39,0,1.31,43
"PHI","21127",39,0,1.31,21,1,1.55,43
"EDM","21128",29,3,2.2,47,4,3.29,48
"L.A","21128",47,4,3.29,29,3,2.2,48
"CAR","21129",16,2,1.14,25,2,1.08,50
"N.J","21129",25,2,1.08,16,2,1.14,50
"NYR","21130",38,2,2.09,49,3,2.23,55
"PIT","21130",49,3,2.23,38,2,2.09,55
"CHI","21131",36,3,2.1,28,2,1.66,53
"VAN","21131",28,2,1.66,36,3,2.1,53
"PHI","21132",46,3,1.92,44,2,2.19,60
"WPG","21132",44,2,2.19,46,3,1.92,60
"CBJ","21133",26,1,1.27,36,2,2.09,46
"WSH","21133",36,2,2.09,26,1,1.27,46
"BUF","21134",17,1,0.83,31,1,1.41,45
"DET","21134",31,1,1.41,17,1,0.83,45
"T.B","21135",24,3,1.68,35,0,2.15,41
"TOR","21135",35,0,2.15,24,3,1.68,41
"COL","21136",34,4,1.99,36,3,1.5,52
"NSH","21136",36,3,1.5,34,4,1.99,52
"ANA","21137",24,2,1.27,31,1,2.07,45
"EDM","21137",31,1,2.07,24,2,1.27,45
"ARI","21138",30,0,1.36,29,2,1.91,51
"CGY","21138",29,2,1.91,30,0,1.36,51
"L.A","21139",37,1,1.59,29,3,1.65,50
"S.J","21139",29,3,1.65,37,1,1.59,50
"BOS","21140",45,1,2.31,15,0,0.71,48
"N.J","21140",15,0,0.71,45,1,2.31,48
"CAR","21141",31,1,1.77,39,0,2.72,57
"NYI","21141",39,0,2.72,31,1,1.77,57
"BUF","21142",26,1,1.36,45,2,2.15,53
"PIT","21142",45,2,2.15,26,1,1.36,53
"DET","21143",37,0,1.84,34,2,1.94,47
"MTL","21143",34,2,1.94,37,0,1.84,47
"FLA","21144",39,2,2.22,20,0,0.98,46
"TOR","21144",20,0,0.98,39,2,2.22,46
"COL","21145",20,1,0.96,32,1,1.96,49
"STL","21145",32,1,1.96,20,1,0.96,49
"CHI","21146",28,0,0.82,20,3,0.95,42
"MIN","21146",20,3,0.95,28,0,0.82,42
"DAL","21147",26,3,1.61,41,0,1.91,45
"NSH","21147",41,0,1.91,26,3,1.61,45
"S.J","21148",29,2,2.53,30,0,1.87,44
"VAN","21148",30,0,1.87,29,2,2.53,44
"OTT","21149",22,2,1.08,30,1,1.64,47
"WPG","21149",30,1,1.64,22,2,1.08,47
"PHI","21150",37,0,1.87,38,0,1.94,55
"WSH","21150",38,0,1.94,37,0,1.87,55
"ANA","21151",31,7,2.76,31,2,1.11,52
"CGY","21151",31,2,1.11,31,7,2.76,52
"BUF","21152",32,2,1.68,23,1,1.28,47
"TOR","21152",23,1,1.28,32,2,1.68,47
"CBJ","21153",29,2,1.53,31,3,1.57,50
"NYI","21153",31,3,1.57,29,2,1.53,50
"NSH","21154",20,2,1.12,34,3,2.03,48
"PIT","21154",34,3,2.03,20,2,1.12,48
"CAR","21155",37,3,2.01,30,2,1.78,51
"NYR","21155",30,2,1.78,37,3,2.01,51
"MTL","21156",29,2,1.67,30,0,1.48,49
"T.B","21156",30,0,1.48,29,2,1.67,49
"FLA","21157",36,3,2.11,22,0,0.7,42
"N.J","21157",22,0,0.7,36,3,2.11,42
"MIN","21158",30,2,1.21,31,3,1.28,54
"OTT","21158",31,3,1.28,30,2,1.21,54
"ARI","21159",35,1,2.02,48,3,2.39,51
"DAL","21159",48,3,2.39,35,1,2.02,51
"CGY","21160",30,0,1.5,45,2,3,50
"L.A","21160",45,2,3,30,0,1.5,50
"S.J","21161",34,1,1.67,22,3,1.29,46
"VAN","21161",22,3,1.29,34,1,1.67,46
"DET","21162",38,2,2.41,29,2,1.35,54
"MIN","21162",29,2,1.35,38,2,2.41,54
"BOS","21163",30,4,1.9,35,4,1.72,45
"STL","21163",35,4,1.72,30,4,1.9,45
"CHI","21164",25,4,2.05,37,4,1.97,50
"WPG","21164",37,4,1.97,25,4,2.05,50
"COL","21165",23,1,1.57,52,2,3.38,48
"WSH","21165",52,2,3.38,23,1,1.57,48
"ANA","21166",41,2,2.93,36,3,2.28,53
"VAN","21166",36,3,2.28,41,2,2.93,53
"NYI","21167",31,0,1.24,29,2,2.12,50
"PIT","21167",29,2,2.12,31,0,1.24,50
"OTT","21168",41,1,1.5,36,0,2.29,54
"PHI","21168",36,0,2.29,41,1,1.5,54
"DAL","21169",43,2,1.74,38,2,1.46,53
"L.A","21169",38,2,1.46,43,2,1.74,53
"DET","21170",33,2,1.96,40,1,1.95,48
"TOR","21170",40,1,1.95,33,2,1.96,48
"N.J","21171",15,0,0.6,27,1,1.26,35
"T.B","21171",27,1,1.26,15,0,0.6,35
"FLA","21172",40,3,2.33,34,3,1.57,54
"MTL","21172",34,3,1.57,40,3,2.33,54
"BUF","21173",32,4,2.78,40,3,2.17,50
"NYR","21173",40,3,2.17,32,4,2.78,50
"CAR","21174",37,1,1.31,27,4,1.92,48
"CBJ","21174",27,4,1.92,37,1,1.31,48
"NSH","21175",31,2,1.45,46,2,2.29,54
"S.J","21175",46,2,2.29,31,2,1.45,54
"CGY","21176",27,3,2.23,33,0,2.63,44
"EDM","21176",33,0,2.63,27,3,2.23,44
"ARI","21177",32,3,1.92,42,0,1.84,53
"WSH","21177",42,0,1.84,32,3,1.92,53
"BOS","21178",47,3,1.98,36,4,2.25,50
"CHI","21178",36,4,2.25,47,3,1.98,50
"PHI","21179",35,2,2.03,42,4,2.73,53
"PIT","21179",42,4,2.73,35,2,2.03,53
"MIN","21180",39,1,1.7,35,2,2.4,54
"WPG","21180",35,2,2.4,39,1,1.7,54
"COL","21181",34,1,1.34,42,3,2.99,48
"STL","21181",42,3,2.99,34,1,1.34,48
"ANA","21182",33,0,2.1,28,0,1.44,45
"DAL","21182",28,0,1.44,33,0,2.1,45
"NYI","21183",37,4,2.62,31,2,1.47,48
"T.B","21183",31,2,1.47,37,4,2.62,48
"CBJ","21184",36,2,2.29,39,3,2.29,49
"NYR","21184",39,3,2.29,36,2,2.29,49
"FLA","21185",40,4,2.29,31,2,1.27,44
"TOR","21185",31,2,1.27,40,4,2.29,44
"ARI","21186",24,2,1.38,30,2,1.53,46
"STL","21186",30,2,1.53,24,2,1.38,46
"L.A","21187",43,2,1.83,25,2,1.24,47
"VAN","21187",25,2,1.24,43,2,1.83,47
"BOS","21188",37,1,1.95,34,1,1.35,51
"CAR","21188",34,1,1.35,37,1,1.95,51
"BUF","21189",15,1,0.72,24,0,1.05,40
"N.J","21189",24,0,1.05,15,1,0.72,40
"NYR","21190",27,2,1.55,32,1,2.15,38
"T.B","21190",32,1,2.15,27,2,1.55,38
"NYI","21191",35,4,2.43,42,3,2.02,56
"WSH","21191",42,3,2.02,35,4,2.43,56
"FLA","21192",20,2,1.2,29,0,1.65,41
"MTL","21192",29,0,1.65,20,2,1.2,41
"OTT","21193",28,3,2.02,30,4,1.82,48
"PIT","21193",30,4,1.82,28,3,2.02,48
"COL","21194",34,3,1.46,36,3,2,51
"NSH","21194",36,3,2,34,3,1.46,51
"MIN","21195",29,0,1.06,22,2,1.03,48
"S.J","21195",22,2,1.03,29,0,1.06,48
"ARI","21196",27,2,1.16,22,2,1.48,39
"CHI","21196",22,2,1.48,27,2,1.16,39
"CGY","21197",26,3,1.52,38,4,1.87,46
"L.A","21197",38,4,1.87,26,3,1.52,46
"ANA","21198",29,0,1.49,28,2,1.29,47
"WPG","21198",28,2,1.29,29,0,1.49,47
"CBJ","21199",44,5,2.57,34,0,1.58,51
"TOR","21199",34,0,1.58,44,5,2.57,51
"DET","21200",23,1,1.25,26,0,0.92,42
"PHI","21200",26,0,0.92,23,1,1.25,42
"EDM","21201",32,4,2.4,35,2,1.72,44
"VAN","21201",35,2,1.72,32,4,2.4,44
"BOS","21202",33,4,2.7,16,2,0.4,43
"DET","21202",16,2,0.4,33,4,2.7,43
"N.J","21203",26,2,1.44,22,3,1.14,54
"T.B","21203",22,3,1.14,26,2,1.44,54
"NYI","21204",26,2,1.66,37,1,2.63,44
"NYR","21204",37,1,2.63,26,2,1.66,44
"PHI","21205",48,2,3.31,28,3,1.47,51
"TOR","21205",28,3,1.47,48,2,3.31,51
"PIT","21206",33,3,1.76,33,3,1.81,48
"WSH","21206",33,3,1.81,33,3,1.76,48
"CAR","21207",33,2,2.4,43,4,1.94,56
"MTL","21207",43,4,1.94,33,2,2.4,56
"FLA","21208",25,1,0.89,33,2,1.52,53
"OTT","21208",33,2,1.52,25,1,0.89,53
"ARI","21209",19,2,0.96,45,1,2.74,49
"NSH","21209",45,1,2.74,19,2,0.96,49
"CHI","21210",31,1,1.43,40,1,2.38,55
"STL","21210",40,1,2.38,31,1,1.43,55
"COL","21211",19,2,0.67,29,1,1.93,40
"DAL","21211",29,1,1.93,19,2,0.67,40
"CGY","21212",38,4,2.32,32,2,1.24,42
"VAN","21212",32,2,1.24,38,4,2.32,42
"ANA","21213",18,1,0.83,40,2,2.25,48
"L.A","21213",40,2,2.25,18,1,0.83,48
"S.J","21214",29,2,1.21,26,2,1.79,52
"WPG","21214",26,2,1.79,29,2,1.21,52
"BUF","21215",45,0,1.9,33,3,1.41,51
"CBJ","21215",33,3,1.41,45,0,1.9,51
"BOS","21216",48,1,3.39,36,4,2.5,52
"OTT","21216",36,4,2.5,48,1,3.39,52
"DET","21217",37,0,2.19,29,2,1.3,53
"NYR","21217",29,2,1.3,37,0,2.19,53
"PHI","21218",37,2,1.33,22,1,1.6,48
"PIT","21218",22,1,1.6,37,2,1.33,48
"ANA","21219",29,3,1.36,24,2,1.79,42
"COL","21219",24,2,1.79,29,3,1.36,42
"MTL","21220",35,3,1.62,23,2,0.95,49
"T.B","21220",23,2,0.95,35,3,1.62,49
"CAR","21221",29,1,1.94,26,4,1.48,52
"FLA","21221",26,4,1.48,29,1,1.94,52
"N.J","21222",30,4,1.91,22,1,1.54,43
"TOR","21222",22,1,1.54,30,4,1.91,43
"CBJ","21223",26,4,2.54,23,3,1.46,53
"CHI","21223",23,3,1.46,26,4,2.54,53
"CGY","21224",25,2,0.91,30,1,1.46,44
"MIN","21224",30,1,1.46,25,2,0.91,44
"BUF","21225",33,4,2.23,30,2,2.23,56
"NYI","21225",30,2,2.23,33,4,2.23,56
"STL","21226",29,1,1.72,42,5,2.58,49
"WSH","21226",42,5,2.58,29,1,1.72,49
"DAL","21227",35,2,1.5,34,1,1.79,50
"NSH","21227",34,1,1.79,35,2,1.5,50
"EDM","21228",33,2,1.92,37,3,1.96,55
"VAN","21228",37,3,1.96,33,2,1.92,55
"L.A","21229",44,3,3.25,35,3,2.39,57
"WPG","21229",35,3,2.39,44,3,3.25,57
"ARI","21230",22,0,1.09,29,0,1.9,41
"S.J","21230",29,0,1.9,22,0,1.09,41
